Disease1,Disease2
Diabetes,Raised Total Cholesterol Endocrine
Migraine,Bronchial Asthma Respiratory
Arthritis,Enthesopathy Musculoskeletal
Fungal infection,Hypertension Cardiovascular
Heart attack,Atrial Fibrillation Cardiovascular
Arthritis,Raised Total Cholesterol Endocrine
Pneumonia,Hypertension Cardiovascular
Pneumonia,Infection Other organisms Infections
Arthritis,Enthesopathy Musculoskeletal
Pneumonia,Infection Lower Respiratory Tract Infections
Chronic cholestasis,Raised Total Cholesterol Endocrine
Tuberculosis,Hypertension Cardiovascular
Pneumonia,Depression Psychiatric
AIDS,Depression Psychiatric
Peptic ulcer diseae,Raised Total Cholesterol Endocrine
Migraine,Depression Psychiatric
Peptic ulcer diseae,Gastroenteritis Digestive
Migraine,Anxiety Psychiatric
Hypertension,Depression Psychiatric
Tuberculosis,Raised Total Cholesterol Endocrine
Arthritis,Raised LDL Endocrine
Bronchial Asthma,Depression Psychiatric
Bronchial Asthma,Depression Psychiatric
Peptic ulcer diseae,Enthesopathy Musculoskeletal
Pneumonia,Dermatitis Skin
Jaundice,Infection Other organisms Infections
Jaundice,Respiratory Distress of the Newborn Perinatal
Hepatitis,Hypertension Cardiovascular
Heart attack,Stable Angina Cardiovascular
Acne,Dermatitis Skin
Gastroenteritis,Gastro-oesophageal Reflux Disease Digestive
Allergy,Hypertension Cardiovascular
Heart attack,Raised Total Cholesterol Endocrine
Psoriasis,Dermatitis Skin
Gastroenteritis,Enthesopathy Musculoskeletal
Gastroenteritis,Depression Psychiatric
Psoriasis,Hypertension Cardiovascular
Osteoarthristis,Raised LDL Endocrine
Hyperthyroidism,Osteoarthristis Musculoskeletal
Hypertension,Enthesopathy Musculoskeletal
Acne,Dermatitis Skin
Bronchial Asthma,Dermatitis Skin
Arthritis,Hypertension Cardiovascular
Hypertension,Obesity Endocrine
Bronchial Asthma,Anxiety Psychiatric
Heart attack,Osteoarthristis Musculoskeletal
Hyperthyroidism,Depression Psychiatric
Osteoarthristis,Depression Psychiatric
Cervical spondylosis,Raised LDL Endocrine
Arthritis,Osteoarthristis Musculoskeletal
Chronic cholestasis,Bacterial Infection Infections
Allergy,Raised LDL Endocrine
Acne,Enthesopathy Musculoskeletal
Hepatitis,Bronchial Asthma Respiratory
Acne,Allergy/chronic Rhinitis Respiratory
Hypertension,Obesity Endocrine
Gastroenteritis,Diaphragmatic Hernia Digestive
Diabetes,Obesity Endocrine
Fungal infection,Infection Lower Respiratory Tract Infections
Hepatitis,Bronchial Asthma Respiratory
Acne,Allergy/chronic Rhinitis Respiratory
Tuberculosis,Bacterial Infection Infections
Psoriasis,Dermatitis Skin
Gastroenteritis,Diaphragmatic Hernia Digestive
Pneumonia,Enthesopathy Musculoskeletal
Bronchial Asthma,Allergy/chronic Rhinitis Respiratory
Allergy,Anxiety Psychiatric
Pneumonia,Hypertension Cardiovascular
Hypertension,Osteoarthristis Musculoskeletal
Cervical spondylosis,Raised Total Cholesterol Endocrine
Psoriasis,Obesity Endocrine
Pneumonia,Hypertension Cardiovascular
Hyperthyroidism,Bacterial Infection Infections
Migraine,Bronchial Asthma Respiratory
Osteoarthristis,Enthesopathy Musculoskeletal
Allergy,Osteoarthristis Musculoskeletal
Allergy,Raised Total Cholesterol Endocrine
AIDS,Dermatitis Skin
Fungal infection,Raised Total Cholesterol Endocrine
Heart attack,Raised Total Cholesterol Endocrine
Hepatitis,Hypertension Cardiovascular
Arthritis,Enthesopathy Musculoskeletal
Osteoarthristis,Bacterial Infection Infections
Gastroenteritis,Hypertension Cardiovascular
Acne,Migraine Neurological
Peptic ulcer diseae,Depression Psychiatric
Fungal infection,Bronchial Asthma Respiratory
Fungal infection,Bacterial Infection Infections
Heart attack,Infection Lower Respiratory Tract Infections
Gastroenteritis,Depression Psychiatric
Hepatitis,Dermatitis Skin
Hepatitis,Hypertension Cardiovascular
Psoriasis,Dermatitis Skin
Arthritis,Enthesopathy Musculoskeletal
Bronchial Asthma,Anxiety Psychiatric
Hepatitis,Dermatitis Skin
Fungal infection,Depression Psychiatric
Cervical spondylosis,Enthesopathy Musculoskeletal
Tuberculosis,Bacterial Infection Infections
Fungal infection,Dermatitis Skin
Migraine,Bronchial Asthma Respiratory
Pneumonia,Bacterial Infection Infections
Cervical spondylosis,Enthesopathy Musculoskeletal
Allergy,Dermatitis Skin
Osteoarthristis,Obesity Endocrine
Jaundice,Viral Infection Infections
Arthritis,Raised Total Cholesterol Endocrine
Chronic cholestasis,Obesity Endocrine
Hyperthyroidism,Enthesopathy Musculoskeletal
Jaundice,Infection Other organisms Infections
Peptic ulcer diseae,Obesity Endocrine
Arthritis,Bacterial Infection Infections
Diabetes,Raised Total Cholesterol Endocrine
Migraine,Dermatitis Skin
Chronic cholestasis,Cholecystitis Digestive
Diabetes,Depression Psychiatric
Heart attack,Raised Total Cholesterol Endocrine
Chronic cholestasis,Dermatitis Skin
Gastroenteritis,Gastro-oesophageal Reflux Disease Digestive
Allergy,Bronchial Asthma Respiratory
Bronchial Asthma,Dermatitis Skin
Hyperthyroidism,Osteoarthristis Musculoskeletal
Acne,Obesity Endocrine
Chronic cholestasis,Obesity Endocrine
Bronchial Asthma,Depression Psychiatric
Bronchial Asthma,Obesity Endocrine
Bronchial Asthma,Dermatitis Skin
Fungal infection,Infection Other organs Infections
Diabetes,Obesity Endocrine
Chronic cholestasis,Obesity Endocrine
Hyperthyroidism,Enthesopathy Musculoskeletal
AIDS,Obesity Endocrine
Migraine,Depression Psychiatric
AIDS,Bacterial Infection Infections
Pneumonia,Raised Total Cholesterol Endocrine
Peptic ulcer diseae,Raised Total Cholesterol Endocrine
Psoriasis,Allergy/chronic Rhinitis Respiratory
Fungal infection,Infection Lower Respiratory Tract Infections
Fungal infection,Raised Total Cholesterol Endocrine
Osteoarthristis,Hypertension Cardiovascular
Heart attack,Stable Angina Cardiovascular
Fungal infection,Infection Lower Respiratory Tract Infections
Allergy,Enthesopathy Musculoskeletal
Psoriasis,Raised LDL Endocrine
Psoriasis,Anxiety Psychiatric
Acne,Allergy/chronic Rhinitis Respiratory
Pneumonia,Raised Total Cholesterol Endocrine
Fungal infection,Infection Lower Respiratory Tract Infections
Tuberculosis,Infection Lower Respiratory Tract Infections
Hypertension,Osteoarthristis Musculoskeletal
Acne,Dermatitis Skin
Gastroenteritis,Raised Total Cholesterol Endocrine
Arthritis,Obesity Endocrine
Peptic ulcer diseae,Osteoarthristis Musculoskeletal
Migraine,Enthesopathy Musculoskeletal
Psoriasis,Obesity Endocrine
Pneumonia,Hypertension Cardiovascular
Jaundice,Bacterial Infection Infections
Heart attack,Bacterial Infection Infections
Cervical spondylosis,Raised Total Cholesterol Endocrine
Diabetes,Osteoarthristis Musculoskeletal
Bronchial Asthma,Allergy/chronic Rhinitis Respiratory
Cervical spondylosis,Osteoarthristis Musculoskeletal
Heart attack,Osteoarthristis Musculoskeletal
Hyperthyroidism,Depression Psychiatric
Osteoarthristis,Raised Total Cholesterol Endocrine
Hypertension,Raised Total Cholesterol Endocrine
Bronchial Asthma,Obesity Endocrine
Arthritis,Hypertension Cardiovascular
Hyperthyroidism,Hypertension Cardiovascular
Jaundice,Dermatitis Skin
Hyperthyroidism,Osteoarthristis Musculoskeletal
Hepatitis,Anxiety Psychiatric
Allergy,Dermatitis Skin
Peptic ulcer diseae,Raised LDL Endocrine
Gastroenteritis,Enthesopathy Musculoskeletal
Pneumonia,Bacterial Infection Infections
Tuberculosis,Infection Lower Respiratory Tract Infections
Cervical spondylosis,Raised Total Cholesterol Endocrine
Tuberculosis,Osteoarthristis Musculoskeletal
Heart attack,Hypertension Cardiovascular
Cervical spondylosis,Raised LDL Endocrine
Tuberculosis,Depression Psychiatric
Arthritis,Dermatitis Skin
Gastroenteritis,Hypertension Cardiovascular
Peptic ulcer diseae,Osteoarthristis Musculoskeletal
Tuberculosis,Raised Total Cholesterol Endocrine
Osteoarthristis,Obesity Endocrine
Arthritis,Enthesopathy Musculoskeletal
Diabetes,Diabetic Eye Disease Eye
Arthritis,Hypertension Cardiovascular
Allergy,Bronchial Asthma Respiratory
Psoriasis,Raised Total Cholesterol Endocrine
Arthritis,Osteoarthristis Musculoskeletal
Fungal infection,Urinary Tract Infection Infections
Diabetes,Enthesopathy Musculoskeletal
Hyperthyroidism,Hypertension Cardiovascular
Migraine,Obesity Endocrine
Hepatitis,Alcohol Misuse Psychiatric
Diabetes,Hypertension Cardiovascular
Pneumonia,Depression Psychiatric
Arthritis,Dermatitis Skin
Jaundice,Infection Ear/Upper Respiratory Tract Infections
Bronchial Asthma,Hypertension Cardiovascular
Allergy,Anxiety Psychiatric
Cervical spondylosis,Osteoarthristis Musculoskeletal
Pneumonia,Chronic Obstructive Pulmonary Disease Respiratory
Tuberculosis,Raised Total Cholesterol Endocrine
Peptic ulcer diseae,Depression Psychiatric
Hypertension,Osteoarthristis Musculoskeletal
Diabetes,Raised Total Cholesterol Endocrine
Tuberculosis,Hypertension Cardiovascular
Jaundice,Bronchial Asthma Respiratory
Hypertension,Raised Total Cholesterol Endocrine
AIDS,Allergy/chronic Rhinitis Respiratory
Arthritis,Raised Total Cholesterol Endocrine
AIDS,Raised Total Cholesterol Endocrine
Fungal infection,Bronchial Asthma Respiratory
Hyperthyroidism,Hypertension Cardiovascular
Diabetes,Depression Psychiatric
Heart attack,Hypertension Cardiovascular
Cervical spondylosis,Hypertension Cardiovascular
Psoriasis,Raised Total Cholesterol Endocrine
Arthritis,Osteoarthristis Musculoskeletal
Heart attack,Osteoarthristis Musculoskeletal
Jaundice,Bacterial Infection Infections
Fungal infection,Bacterial Infection Infections
Hyperthyroidism,Bacterial Infection Infections
Cervical spondylosis,Obesity Endocrine
Hypertension,Cataract Eye
Arthritis,Dermatitis Skin
Cervical spondylosis,Dermatitis Skin
Psoriasis,Dermatitis Skin
Chronic cholestasis,Raised Total Cholesterol Endocrine
Osteoarthristis,Cataract Eye
Arthritis,Raised Total Cholesterol Endocrine
Hepatitis,Depression Psychiatric
Gastroenteritis,Enthesopathy Musculoskeletal
Allergy,Raised LDL Endocrine
Arthritis,Infection Other organisms Infections
Arthritis,Depression Psychiatric
Acne,Migraine Neurological
Hypertension,Raised Triglycerides Endocrine
Hepatitis,Infection Liver Infections
AIDS,Infection Other organs Infections
Allergy,Raised Total Cholesterol Endocrine
Heart attack,Infection Other organisms Infections
Allergy,Bronchial Asthma Respiratory
Migraine,Obesity Endocrine
Gastroenteritis,Raised Total Cholesterol Endocrine
Bronchial Asthma,Raised Total Cholesterol Endocrine
Acne,Bronchial Asthma Respiratory
Psoriasis,Osteoarthristis Musculoskeletal
Fungal infection,Infection Other organs Infections
Hepatitis,Anxiety Psychiatric
Hyperthyroidism,Raised Total Cholesterol Endocrine
Hepatitis,Bacterial Infection Infections
AIDS,Raised Total Cholesterol Endocrine
Pneumonia,Raised Total Cholesterol Endocrine
Diabetes,Depression Psychiatric
Cervical spondylosis,Raised LDL Endocrine
Allergy,Osteoarthristis Musculoskeletal
Bronchial Asthma,Raised Total Cholesterol Endocrine
Jaundice,Dermatitis Skin
Migraine,Anxiety Psychiatric
Fungal infection,Bronchial Asthma Respiratory
Osteoarthristis,Enthesopathy Musculoskeletal
Pneumonia,Chronic Obstructive Pulmonary Disease Respiratory
Heart attack,Bacterial Infection Infections
Hypertension,Dermatitis Skin
Heart attack,Infection Other organisms Infections
AIDS,Bronchial Asthma Respiratory
Fungal infection,Infection Lower Respiratory Tract Infections
Chronic cholestasis,Dermatitis Skin
Migraine,Raised LDL Endocrine
Diabetes,Raised Total Cholesterol Endocrine
Fungal infection,Raised Total Cholesterol Endocrine
Hyperthyroidism,Dermatitis Skin
Psoriasis,Osteoarthristis Musculoskeletal
Fungal infection,Depression Psychiatric
Hyperthyroidism,Enthesopathy Musculoskeletal
Jaundice,Bacterial Infection Infections
Tuberculosis,Depression Psychiatric
Osteoarthristis,Bacterial Infection Infections
Bronchial Asthma,Raised Total Cholesterol Endocrine
Peptic ulcer diseae,Osteoarthristis Musculoskeletal
Psoriasis,Depression Psychiatric
Pneumonia,Infection Lower Respiratory Tract Infections
Hyperthyroidism,Hypertension Cardiovascular
Gastroenteritis,Raised Total Cholesterol Endocrine
Bronchial Asthma,Allergy/chronic Rhinitis Respiratory
Hyperthyroidism,Hypertension Cardiovascular
Bronchial Asthma,Dermatitis Skin
Osteoarthristis,Hypertension Cardiovascular
Acne,Allergy/chronic Rhinitis Respiratory
Pneumonia,Depression Psychiatric
Pneumonia,Raised Total Cholesterol Endocrine
Peptic ulcer diseae,Raised Total Cholesterol Endocrine
Bronchial Asthma,Dermatitis Skin
Peptic ulcer diseae,Bacterial Infection Infections
Hepatitis,Infection Liver Infections
Arthritis,Hypertension Cardiovascular
Hyperthyroidism,Dermatitis Skin
Psoriasis,Enthesopathy Musculoskeletal
Fungal infection,Raised Total Cholesterol Endocrine
Chronic cholestasis,Bacterial Infection Infections
Osteoarthristis,Hypertension Cardiovascular
Chronic cholestasis,Obesity Endocrine
Diabetes,Enthesopathy Musculoskeletal
Allergy,Obesity Endocrine
Acne,Migraine Neurological
Osteoarthristis,Dermatitis Skin
Diabetes,Raised Triglycerides Endocrine
Bronchial Asthma,Dermatitis Skin
Arthritis,Bacterial Infection Infections
Osteoarthristis,Hypertension Cardiovascular
Chronic cholestasis,Osteoarthristis Musculoskeletal
Chronic cholestasis,Bacterial Infection Infections
Pneumonia,Infection Lower Respiratory Tract Infections
Arthritis,Obesity Endocrine
Osteoarthristis,Raised Total Cholesterol Endocrine
Gastroenteritis,Depression Psychiatric
Acne,Menorrhagia Genitourinary
Osteoarthristis,Obesity Endocrine
Tuberculosis,Dermatitis Skin
Heart attack,Cataract Eye
Bronchial Asthma,Enthesopathy Musculoskeletal
Psoriasis,Raised Total Cholesterol Endocrine
Allergy,Dermatitis Skin
Diabetes,Raised Total Cholesterol Endocrine
Fungal infection,Dermatitis Skin
Heart attack,Obesity Endocrine
Acne,Anxiety Psychiatric
Heart attack,Stable Angina Cardiovascular
Arthritis,Hypertension Cardiovascular
Psoriasis,Dermatitis Skin
Osteoarthristis,Dermatitis Skin
Hypertension,Enthesopathy Musculoskeletal
Pneumonia,Bronchial Asthma Respiratory
Cervical spondylosis,Osteoarthristis Musculoskeletal
Allergy,Raised Total Cholesterol Endocrine
AIDS,Hypertension Cardiovascular
Tuberculosis,Raised Total Cholesterol Endocrine
Cervical spondylosis,Hypertension Cardiovascular
Hyperthyroidism,Raised Triglycerides Endocrine
Arthritis,Hypertension Cardiovascular
Osteoarthristis,Raised Triglycerides Endocrine
Jaundice,Respiratory Distress of the Newborn Perinatal
Cervical spondylosis,Raised Total Cholesterol Endocrine
Psoriasis,Raised LDL Endocrine
Bronchial Asthma,Depression Psychiatric
Hepatitis,Bronchial Asthma Respiratory
Heart attack,Infection Lower Respiratory Tract Infections
Arthritis,Infection Other organisms Infections
Hypertension,Obesity Endocrine
Arthritis,Obesity Endocrine
Chronic cholestasis,Hypertension Cardiovascular
Hepatitis,Infection Liver Infections
Osteoarthristis,Enthesopathy Musculoskeletal
Osteoarthristis,Dermatitis Skin
Allergy,Depression Psychiatric
Heart attack,Hypertension Cardiovascular
Migraine,Hypertension Cardiovascular
Migraine,Raised LDL Endocrine
Migraine,Obesity Endocrine
Migraine,Dermatitis Skin
Psoriasis,Depression Psychiatric
Chronic cholestasis,Depression Psychiatric
Arthritis,Raised Total Cholesterol Endocrine
Psoriasis,Enthesopathy Musculoskeletal
Gastroenteritis,Enthesopathy Musculoskeletal
Peptic ulcer diseae,Hypertension Cardiovascular
Hyperthyroidism,Obesity Endocrine
Tuberculosis,Hypertension Cardiovascular
Diabetes,Hypertension Cardiovascular
Gastroenteritis,Raised Total Cholesterol Endocrine
Osteoarthristis,Raised Total Cholesterol Endocrine
Fungal infection,Dermatitis Skin
Fungal infection,Infection Other organs Infections
Chronic cholestasis,Osteoarthristis Musculoskeletal
AIDS,Infection Other organs Infections
Chronic cholestasis,Raised LDL Endocrine
Arthritis,Raised Total Cholesterol Endocrine
Hepatitis,Bacterial Infection Infections
Diabetes,Raised Triglycerides Endocrine
Hypertension,Cataract Eye
Fungal infection,Hypertension Cardiovascular
Peptic ulcer diseae,Gastro-oesophageal Reflux Disease Digestive
Peptic ulcer diseae,Raised Total Cholesterol Endocrine
Allergy,Depression Psychiatric
Pneumonia,Chronic Obstructive Pulmonary Disease Respiratory
Heart attack,Bacterial Infection Infections
Jaundice,Respiratory Distress of the Newborn Perinatal
Fungal infection,Dermatitis Skin
Hepatitis,Depression Psychiatric
Allergy,Dermatitis Skin
Chronic cholestasis,Osteoarthristis Musculoskeletal
Tuberculosis,Dermatitis Skin
Migraine,Dermatitis Skin
Tuberculosis,Dermatitis Skin
Pneumonia,Depression Psychiatric
Arthritis,Enthesopathy Musculoskeletal
Hyperthyroidism,Raised Total Cholesterol Endocrine
Bronchial Asthma,Depression Psychiatric
Migraine,Obesity Endocrine
Psoriasis,Depression Psychiatric
Hypertension,Raised Total Cholesterol Endocrine
Peptic ulcer diseae,Bacterial Infection Infections
Tuberculosis,Raised Total Cholesterol Endocrine
Tuberculosis,Hypertension Cardiovascular
Migraine,Enthesopathy Musculoskeletal
Allergy,Enthesopathy Musculoskeletal
Fungal infection,Bronchial Asthma Respiratory
Arthritis,Raised LDL Endocrine
Osteoarthristis,Raised Triglycerides Endocrine
Tuberculosis,Hypertension Cardiovascular
Pneumonia,Bronchial Asthma Respiratory
Heart attack,Hypertension Cardiovascular
Arthritis,Bacterial Infection Infections
Acne,Anxiety Psychiatric
Hypertension,Raised Total Cholesterol Endocrine
Fungal infection,Bacterial Infection Infections
Pneumonia,Enthesopathy Musculoskeletal
AIDS,Obesity Endocrine
Peptic ulcer diseae,Raised LDL Endocrine
Hepatitis,Infection Liver Infections
Pneumonia,Chronic Obstructive Pulmonary Disease Respiratory
Migraine,Allergy/chronic Rhinitis Respiratory
Hypertension,Osteoarthristis Musculoskeletal
Chronic cholestasis,Dermatitis Skin
Migraine,Dermatitis Skin
Osteoarthristis,Raised Triglycerides Endocrine
Psoriasis,Raised Total Cholesterol Endocrine
Heart attack,Raised Total Cholesterol Endocrine
Osteoarthristis,Depression Psychiatric
Acne,Enthesopathy Musculoskeletal
Tuberculosis,Bacterial Infection Infections
Bronchial Asthma,Allergy/chronic Rhinitis Respiratory
Arthritis,Osteoarthristis Musculoskeletal
Osteoarthristis,Hypertension Cardiovascular
Osteoarthristis,Hypertension Cardiovascular
Fungal infection,Infection Other organs Infections
Gastroenteritis,Oesophageal Ulcer Digestive
Hyperthyroidism,Enthesopathy Musculoskeletal
Jaundice,Premature Delivery Perinatal
Hepatitis,Bacterial Infection Infections
Hepatitis,Obesity Endocrine
Gastroenteritis,Raised Total Cholesterol Endocrine
Heart attack,Obesity Endocrine
Hepatitis,Depression Psychiatric
Allergy,Osteoarthristis Musculoskeletal
Cervical spondylosis,Enthesopathy Musculoskeletal
Hepatitis,Depression Psychiatric
Hyperthyroidism,Raised LDL Endocrine
Osteoarthristis,Raised Triglycerides Endocrine
Allergy,Dermatitis Skin
Pneumonia,Depression Psychiatric
Diabetes,Hypertension Cardiovascular
Fungal infection,Infection Other organs Infections
Hypertension,Raised Total Cholesterol Endocrine
AIDS,Allergy/chronic Rhinitis Respiratory
Migraine,Enthesopathy Musculoskeletal
Heart attack,Atrial Fibrillation Cardiovascular
AIDS,Hypertension Cardiovascular
Allergy,Anxiety Psychiatric
Acne,Depression Psychiatric
Fungal infection,Infection Lower Respiratory Tract Infections
Fungal infection,Bronchial Asthma Respiratory
Bronchial Asthma,Dermatitis Skin
Bronchial Asthma,Dermatitis Skin
Gastroenteritis,Hypertension Cardiovascular
Psoriasis,Obesity Endocrine
Cervical spondylosis,Hypertension Cardiovascular
Bronchial Asthma,Raised Total Cholesterol Endocrine
Hepatitis,Bronchial Asthma Respiratory
Migraine,Raised Total Cholesterol Endocrine
Hyperthyroidism,Bacterial Infection Infections
Jaundice,Infection Other organisms Infections
Heart attack,Hypertension Cardiovascular
Diabetes,Raised Triglycerides Endocrine
Heart attack,Hypertension Cardiovascular
Jaundice,Infection Ear/Upper Respiratory Tract Infections
Acne,Depression Psychiatric
Cervical spondylosis,Raised Total Cholesterol Endocrine
Diabetes,Obesity Endocrine
Psoriasis,Hypertension Cardiovascular
Cervical spondylosis,Raised Triglycerides Endocrine
Cervical spondylosis,Dermatitis Skin
Psoriasis,Hypertension Cardiovascular
Hyperthyroidism,Hypertension Cardiovascular
Cervical spondylosis,Raised Triglycerides Endocrine
Tuberculosis,Depression Psychiatric
Chronic cholestasis,Raised Total Cholesterol Endocrine
Psoriasis,Raised Total Cholesterol Endocrine
Gastroenteritis,Oesophageal Ulcer Digestive
Bronchial Asthma,Hypertension Cardiovascular
AIDS,Infection Other organs Infections
Migraine,Hypertension Cardiovascular
Bronchial Asthma,Enthesopathy Musculoskeletal
Pneumonia,Infection Other organisms Infections
Hypertension,Raised Total Cholesterol Endocrine
Tuberculosis,Obesity Endocrine
Acne,Irritable Bowel Syndrome Digestive
Heart attack,Hypertension Cardiovascular
Peptic ulcer diseae,Gastro-oesophageal Reflux Disease Digestive
Jaundice,Low Birth Weight Perinatal
Peptic ulcer diseae,Osteoarthristis Musculoskeletal
Allergy,Osteoarthristis Musculoskeletal
Fungal infection,Hypertension Cardiovascular
Cervical spondylosis,Raised Total Cholesterol Endocrine
Gastroenteritis,Diaphragmatic Hernia Digestive
Osteoarthristis,Depression Psychiatric
Hypertension,Depression Psychiatric
Acne,Menorrhagia Genitourinary
Cervical spondylosis,Anxiety Psychiatric
Chronic cholestasis,Obesity Endocrine
Osteoarthristis,Cataract Eye
Heart attack,Infection Other organisms Infections
Hepatitis,Substance Misuse Psychiatric
Heart attack,Infection Lower Respiratory Tract Infections
Acne,Dermatitis Skin
Tuberculosis,Bacterial Infection Infections
Cervical spondylosis,Osteoarthristis Musculoskeletal
Gastroenteritis,Raised Total Cholesterol Endocrine
Allergy,Enthesopathy Musculoskeletal
Psoriasis,Depression Psychiatric
Peptic ulcer diseae,Obesity Endocrine
Tuberculosis,Enthesopathy Musculoskeletal
Psoriasis,Allergy/chronic Rhinitis Respiratory
AIDS,Dermatitis Skin
Peptic ulcer diseae,Obesity Endocrine
Psoriasis,Hypertension Cardiovascular
Psoriasis,Dermatitis Skin
Pneumonia,Dermatitis Skin
Gastroenteritis,Raised Total Cholesterol Endocrine
Allergy,Depression Psychiatric
Peptic ulcer diseae,Gastroenteritis Digestive
Pneumonia,Hypertension Cardiovascular
Heart attack,Obesity Endocrine
Bronchial Asthma,Obesity Endocrine
Acne,Obesity Endocrine
Fungal infection,Depression Psychiatric
Gastroenteritis,Osteoarthristis Musculoskeletal
AIDS,Infection Other organs Infections
Heart attack,Raised Total Cholesterol Endocrine
Osteoarthristis,Raised Total Cholesterol Endocrine
Psoriasis,Dermatitis Skin
Psoriasis,Raised LDL Endocrine
Heart attack,Cataract Eye
Migraine,Dermatitis Skin
Tuberculosis,Osteoarthristis Musculoskeletal
Cervical spondylosis,Enthesopathy Musculoskeletal
Heart attack,Hypertension Cardiovascular
Diabetes,Enthesopathy Musculoskeletal
Hyperthyroidism,Depression Psychiatric
Hyperthyroidism,Osteoarthristis Musculoskeletal
Hypertension,Raised Triglycerides Endocrine
Pneumonia,Depression Psychiatric
Peptic ulcer diseae,Gastroenteritis Digestive
Peptic ulcer diseae,Hypertension Cardiovascular
Osteoarthristis,Bacterial Infection Infections
Pneumonia,Depression Psychiatric
Jaundice,Dermatitis Skin
Peptic ulcer diseae,Hypertension Cardiovascular
Chronic cholestasis,Enthesopathy Musculoskeletal
Hypertension,Raised Triglycerides Endocrine
Pneumonia,Infection Other organisms Infections
Pneumonia,Dermatitis Skin
Hypertension,Enthesopathy Musculoskeletal
Hepatitis,Obesity Endocrine
Tuberculosis,Depression Psychiatric
Arthritis,Dermatitis Skin
Migraine,Raised LDL Endocrine
Fungal infection,Bacterial Infection Infections
Arthritis,Raised Total Cholesterol Endocrine
Bronchial Asthma,Hypertension Cardiovascular
Pneumonia,Infection Lower Respiratory Tract Infections
Fungal infection,Raised Total Cholesterol Endocrine
Cervical spondylosis,Depression Psychiatric
Arthritis,Hypertension Cardiovascular
Allergy,Bronchial Asthma Respiratory
Gastroenteritis,Raised Total Cholesterol Endocrine
Acne,Dermatitis Skin
Hepatitis,Bacterial Infection Infections
Tuberculosis,Dermatitis Skin
Hepatitis,Depression Psychiatric
Tuberculosis,Raised Total Cholesterol Endocrine
Cervical spondylosis,Hypertension Cardiovascular
Peptic ulcer diseae,Obesity Endocrine
Pneumonia,Dermatitis Skin
Fungal infection,Bronchial Asthma Respiratory
Chronic cholestasis,Hypertension Cardiovascular
Allergy,Depression Psychiatric
Psoriasis,Depression Psychiatric
Peptic ulcer diseae,Hypertension Cardiovascular
Fungal infection,Raised Total Cholesterol Endocrine
Hepatitis,Substance Misuse Psychiatric
Jaundice,Premature Delivery Perinatal
AIDS,Hypertension Cardiovascular
Hyperthyroidism,Osteoarthristis Musculoskeletal
Diabetes,Low HDL Endocrine
Osteoarthristis,Obesity Endocrine
Fungal infection,Infection Lower Respiratory Tract Infections
Osteoarthristis,Obesity Endocrine
Heart attack,Obesity Endocrine
Gastroenteritis,Gastro-oesophageal Reflux Disease Digestive
Hepatitis,Infection Liver Infections
Osteoarthristis,Hypertension Cardiovascular
Bronchial Asthma,Infection Other organisms Infections
Allergy,Hypertension Cardiovascular
Hepatitis,Hypertension Cardiovascular
AIDS,Anxiety Psychiatric
Chronic cholestasis,Hypertension Cardiovascular
AIDS,Infection Other organs Infections
Diabetes,Enthesopathy Musculoskeletal
Jaundice,Dermatitis Skin
Pneumonia,Chronic Obstructive Pulmonary Disease Respiratory
Allergy,Bronchial Asthma Respiratory
Hyperthyroidism,Raised LDL Endocrine
Hepatitis,Dermatitis Skin
Heart attack,Raised Total Cholesterol Endocrine
Hepatitis,Infection Liver Infections
AIDS,Infection Other organs Infections
Peptic ulcer diseae,Raised Total Cholesterol Endocrine
Fungal infection,Infection Other organisms Infections
Migraine,Depression Psychiatric
Bronchial Asthma,Raised Total Cholesterol Endocrine
Allergy,Hypertension Cardiovascular
Chronic cholestasis,Raised Total Cholesterol Endocrine
Tuberculosis,Osteoarthristis Musculoskeletal
Arthritis,Bacterial Infection Infections
Chronic cholestasis,Osteoarthristis Musculoskeletal
Diabetes,Low HDL Endocrine
Hepatitis,Anxiety Psychiatric
Allergy,Obesity Endocrine
Cervical spondylosis,Dermatitis Skin
Hypertension,Enthesopathy Musculoskeletal
Bronchial Asthma,Dermatitis Skin
Migraine,Raised LDL Endocrine
Arthritis,Osteoarthristis Musculoskeletal
Hyperthyroidism,Enthesopathy Musculoskeletal
Gastroenteritis,Gastro-oesophageal Reflux Disease Digestive
Heart attack,Raised Total Cholesterol Endocrine
Fungal infection,Hypertension Cardiovascular
Hepatitis,Substance Misuse Psychiatric
Hypertension,Raised Total Cholesterol Endocrine
Bronchial Asthma,Obesity Endocrine
Osteoarthristis,Enthesopathy Musculoskeletal
Acne,Obesity Endocrine
Hyperthyroidism,Osteoarthristis Musculoskeletal
Heart attack,Bacterial Infection Infections
Allergy,Anxiety Psychiatric
Osteoarthristis,Raised LDL Endocrine
Allergy,Anxiety Psychiatric
Osteoarthristis,Raised Total Cholesterol Endocrine
Psoriasis,Hypertension Cardiovascular
Peptic ulcer diseae,Osteoarthristis Musculoskeletal
Acne,Bronchial Asthma Respiratory
Hyperthyroidism,Raised Total Cholesterol Endocrine
Diabetes,Hypertension Cardiovascular
Diabetes,Low HDL Endocrine
Peptic ulcer diseae,Raised Total Cholesterol Endocrine
Bronchial Asthma,Obesity Endocrine
Jaundice,Dermatitis Skin
Hyperthyroidism,Osteoarthristis Musculoskeletal
Migraine,Enthesopathy Musculoskeletal
Peptic ulcer diseae,Raised LDL Endocrine
Hepatitis,Infection Liver Infections
Gastroenteritis,Diaphragmatic Hernia Digestive
Gastroenteritis,Obesity Endocrine
Diabetes,Hypertension Cardiovascular
Allergy,Depression Psychiatric
Fungal infection,Hypertension Cardiovascular
Bronchial Asthma,Anxiety Psychiatric
Heart attack,Cataract Eye
Cervical spondylosis,Osteoarthristis Musculoskeletal
Hypertension,Obesity Endocrine
Cervical spondylosis,Hypertension Cardiovascular
Hepatitis,Dermatitis Skin
Jaundice,Bacterial Infection Infections
Bronchial Asthma,Enthesopathy Musculoskeletal
Peptic ulcer diseae,Bacterial Infection Infections
Pneumonia,Infection Other organisms Infections
Gastroenteritis,Depression Psychiatric
Hepatitis,Substance Misuse Psychiatric
Hyperthyroidism,Obesity Endocrine
AIDS,Dermatitis Skin
Acne,Dermatitis Skin
Chronic cholestasis,Dermatitis Skin
Heart attack,Stable Angina Cardiovascular
Diabetes,Obesity Endocrine
Migraine,Obesity Endocrine
Jaundice,Low Birth Weight Perinatal
Hypertension,Dermatitis Skin
Jaundice,Low Birth Weight Perinatal
Chronic cholestasis,Raised LDL Endocrine
Bronchial Asthma,Raised LDL Endocrine
Arthritis,Depression Psychiatric
Acne,Anxiety Psychiatric
Chronic cholestasis,Hypertension Cardiovascular
Acne,Anxiety Psychiatric
Hepatitis,Infection Liver Infections
Jaundice,Low Birth Weight Perinatal
Cervical spondylosis,Raised Triglycerides Endocrine
Hypertension,Raised Total Cholesterol Endocrine
Migraine,Hypertension Cardiovascular
Osteoarthristis,Hypertension Cardiovascular
Peptic ulcer diseae,Enthesopathy Musculoskeletal
Arthritis,Bacterial Infection Infections
Diabetes,Raised Triglycerides Endocrine
Hypertension,Enthesopathy Musculoskeletal
Bronchial Asthma,Enthesopathy Musculoskeletal
Psoriasis,Raised Total Cholesterol Endocrine
Cervical spondylosis,Dermatitis Skin
Psoriasis,Anxiety Psychiatric
AIDS,Dermatitis Skin
Cervical spondylosis,Anxiety Psychiatric
Hepatitis,Dermatitis Skin
Tuberculosis,Osteoarthristis Musculoskeletal
Cervical spondylosis,Osteoarthristis Musculoskeletal
Peptic ulcer diseae,Enthesopathy Musculoskeletal
Hepatitis,Bacterial Infection Infections
Hypertension,Obesity Endocrine
Psoriasis,Raised Total Cholesterol Endocrine
Jaundice,Infection Ear/Upper Respiratory Tract Infections
Tuberculosis,Hypertension Cardiovascular
Acne,Migraine Neurological
Bronchial Asthma,Hypertension Cardiovascular
Hyperthyroidism,Hypertension Cardiovascular
Allergy,Enthesopathy Musculoskeletal
Peptic ulcer diseae,Raised Total Cholesterol Endocrine
Hyperthyroidism,Raised Total Cholesterol Endocrine
Allergy,Raised Total Cholesterol Endocrine
Allergy,Dermatitis Skin
Fungal infection,Bacterial Infection Infections
Gastroenteritis,Oesophageal Ulcer Digestive
AIDS,Raised Total Cholesterol Endocrine
Psoriasis,Hypertension Cardiovascular
Psoriasis,Enthesopathy Musculoskeletal
Peptic ulcer diseae,Depression Psychiatric
Tuberculosis,Raised Total Cholesterol Endocrine
AIDS,Bronchial Asthma Respiratory
Pneumonia,Hypertension Cardiovascular
Hepatitis,Infection Liver Infections
Chronic cholestasis,Cholecystitis Digestive
Hypertension,Raised Triglycerides Endocrine
Allergy,Enthesopathy Musculoskeletal
Chronic cholestasis,Raised LDL Endocrine
Allergy,Bronchial Asthma Respiratory
Tuberculosis,Raised LDL Endocrine
Migraine,Enthesopathy Musculoskeletal
Hypertension,Bacterial Infection Infections
Cervical spondylosis,Hypertension Cardiovascular
Hyperthyroidism,Hypertension Cardiovascular
Allergy,Osteoarthristis Musculoskeletal
Hepatitis,Infection Liver Infections
Acne,Depression Psychiatric
Jaundice,Bacterial Infection Infections
Jaundice,Respiratory Distress of the Newborn Perinatal
Pneumonia,Dermatitis Skin
Hepatitis,Obesity Endocrine
Cervical spondylosis,Depression Psychiatric
Jaundice,Infection Ear/Upper Respiratory Tract Infections
Psoriasis,Allergy/chronic Rhinitis Respiratory
Gastroenteritis,Enthesopathy Musculoskeletal
AIDS,Obesity Endocrine
AIDS,Raised Total Cholesterol Endocrine
Tuberculosis,Raised LDL Endocrine
Peptic ulcer diseae,Raised Total Cholesterol Endocrine
Psoriasis,Allergy/chronic Rhinitis Respiratory
Arthritis,Dermatitis Skin
Osteoarthristis,Enthesopathy Musculoskeletal
Pneumonia,Raised Total Cholesterol Endocrine
AIDS,Depression Psychiatric
Bronchial Asthma,Dermatitis Skin
Hyperthyroidism,Raised LDL Endocrine
Migraine,Enthesopathy Musculoskeletal
Tuberculosis,Hypertension Cardiovascular
Hepatitis,Substance Misuse Psychiatric
Cervical spondylosis,Enthesopathy Musculoskeletal
Peptic ulcer diseae,Gastroenteritis Digestive
AIDS,Raised Total Cholesterol Endocrine
Psoriasis,Obesity Endocrine
Osteoarthristis,Enthesopathy Musculoskeletal
Chronic cholestasis,Obesity Endocrine
Heart attack,Osteoarthristis Musculoskeletal
Heart attack,Cataract Eye
Fungal infection,Infection Other organs Infections
Cervical spondylosis,Osteoarthristis Musculoskeletal
Chronic cholestasis,Hypertension Cardiovascular
Migraine,Anxiety Psychiatric
Diabetes,Enthesopathy Musculoskeletal
Migraine,Anxiety Psychiatric
Tuberculosis,Raised Total Cholesterol Endocrine
Chronic cholestasis,Cholecystitis Digestive
Chronic cholestasis,Osteoarthristis Musculoskeletal
Osteoarthristis,Enthesopathy Musculoskeletal
Gastroenteritis,Raised Total Cholesterol Endocrine
AIDS,Depression Psychiatric
Cervical spondylosis,Hypertension Cardiovascular
Bronchial Asthma,Enthesopathy Musculoskeletal
Gastroenteritis,Gastro-oesophageal Reflux Disease Digestive
Hyperthyroidism,Raised Total Cholesterol Endocrine
Bronchial Asthma,Depression Psychiatric
Diabetes,Depression Psychiatric
Gastroenteritis,Depression Psychiatric
Hepatitis,Alcohol Misuse Psychiatric
Diabetes,Raised Triglycerides Endocrine
Hyperthyroidism,Raised LDL Endocrine
Jaundice,Dermatitis Skin
Osteoarthristis,Raised LDL Endocrine
Heart attack,Cataract Eye
Hepatitis,Anxiety Psychiatric
Acne,Depression Psychiatric
Allergy,Osteoarthristis Musculoskeletal
Hypertension,Obesity Endocrine
Pneumonia,Bronchial Asthma Respiratory
AIDS,Dermatitis Skin
AIDS,Allergy/chronic Rhinitis Respiratory
Fungal infection,Infection Other organs Infections
Peptic ulcer diseae,Raised Total Cholesterol Endocrine
Cervical spondylosis,Anxiety Psychiatric
Arthritis,Raised Total Cholesterol Endocrine
Gastroenteritis,Gastro-oesophageal Reflux Disease Digestive
Hyperthyroidism,Raised Total Cholesterol Endocrine
Arthritis,Raised Total Cholesterol Endocrine
Psoriasis,Osteoarthristis Musculoskeletal
Hypertension,Dermatitis Skin
Hyperthyroidism,Raised Triglycerides Endocrine
Bronchial Asthma,Dermatitis Skin
Gastroenteritis,Dermatitis Skin
Chronic cholestasis,Depression Psychiatric
Migraine,Allergy/chronic Rhinitis Respiratory
Allergy,Obesity Endocrine
Gastroenteritis,Enthesopathy Musculoskeletal
Pneumonia,Bacterial Infection Infections
Migraine,Depression Psychiatric
Hyperthyroidism,Raised Triglycerides Endocrine
Chronic cholestasis,Raised Total Cholesterol Endocrine
Diabetes,Raised LDL Endocrine
Jaundice,Low Birth Weight Perinatal
Diabetes,Enthesopathy Musculoskeletal
Jaundice,Bacterial Infection Infections
Diabetes,Raised Triglycerides Endocrine
Migraine,Allergy/chronic Rhinitis Respiratory
Chronic cholestasis,Dermatitis Skin
AIDS,Raised Total Cholesterol Endocrine
Tuberculosis,Raised Total Cholesterol Endocrine
AIDS,Anxiety Psychiatric
Peptic ulcer diseae,Bacterial Infection Infections
Chronic cholestasis,Hypertension Cardiovascular
AIDS,Bacterial Infection Infections
Cervical spondylosis,Raised Triglycerides Endocrine
Acne,Depression Psychiatric
Hyperthyroidism,Depression Psychiatric
Pneumonia,Raised Total Cholesterol Endocrine
Hypertension,Obesity Endocrine
Diabetes,Hypertension Cardiovascular
Pneumonia,Enthesopathy Musculoskeletal
Cervical spondylosis,Raised LDL Endocrine
Hepatitis,Bacterial Infection Infections
Jaundice,Low Birth Weight Perinatal
Migraine,Depression Psychiatric
Bronchial Asthma,Raised Total Cholesterol Endocrine
Pneumonia,Infection Lower Respiratory Tract Infections
Diabetes,Hypertension Cardiovascular
Jaundice,Dermatitis Skin
Arthritis,Dermatitis Skin
Osteoarthristis,Obesity Endocrine
Hypertension,Raised LDL Endocrine
Osteoarthristis,Obesity Endocrine
AIDS,Depression Psychiatric
Arthritis,Enthesopathy Musculoskeletal
Fungal infection,Infection Other organs Infections
Osteoarthristis,Cataract Eye
Migraine,Obesity Endocrine
Arthritis,Infection Other organisms Infections
AIDS,Hypertension Cardiovascular
Arthritis,Obesity Endocrine
Arthritis,Obesity Endocrine
Hepatitis,Infection Liver Infections
Psoriasis,Raised Total Cholesterol Endocrine
Chronic cholestasis,Hypertension Cardiovascular
Jaundice,Infection Ear/Upper Respiratory Tract Infections
Hyperthyroidism,Raised Triglycerides Endocrine
Fungal infection,Bacterial Infection Infections
Jaundice,Infection Other organisms Infections
Chronic cholestasis,Raised LDL Endocrine
Gastroenteritis,Depression Psychiatric
Hypertension,Raised LDL Endocrine
Diabetes,Raised Triglycerides Endocrine
AIDS,Anxiety Psychiatric
Gastroenteritis,Dermatitis Skin
Arthritis,Bacterial Infection Infections
Osteoarthristis,Obesity Endocrine
Migraine,Raised Total Cholesterol Endocrine
Hepatitis,Depression Psychiatric
Gastroenteritis,Diaphragmatic Hernia Digestive
Peptic ulcer diseae,Hypertension Cardiovascular
Migraine,Allergy/chronic Rhinitis Respiratory
Cervical spondylosis,Enthesopathy Musculoskeletal
Peptic ulcer diseae,Hypertension Cardiovascular
Gastroenteritis,Oesophageal Ulcer Digestive
Fungal infection,Infection Lower Respiratory Tract Infections
Hypertension,Depression Psychiatric
Diabetes,Obesity Endocrine
Hypertension,Obesity Endocrine
Psoriasis,Allergy/chronic Rhinitis Respiratory
Tuberculosis,Raised Total Cholesterol Endocrine
Pneumonia,Bronchial Asthma Respiratory
Hepatitis,Infection Liver Infections
Arthritis,Infection Other organisms Infections
Migraine,Allergy/chronic Rhinitis Respiratory
Tuberculosis,Enthesopathy Musculoskeletal
Gastroenteritis,Oesophageal Ulcer Digestive
Heart attack,Infection Other organisms Infections
Cervical spondylosis,Enthesopathy Musculoskeletal
Chronic cholestasis,Raised Total Cholesterol Endocrine
Gastroenteritis,Dermatitis Skin
Cervical spondylosis,Raised Total Cholesterol Endocrine
Pneumonia,Chronic Obstructive Pulmonary Disease Respiratory
Tuberculosis,Depression Psychiatric
Heart attack,Hypertension Cardiovascular
AIDS,Dermatitis Skin
Osteoarthristis,Raised Total Cholesterol Endocrine
Hypertension,Bacterial Infection Infections
Bronchial Asthma,Depression Psychiatric
Chronic cholestasis,Cholecystitis Digestive
Hyperthyroidism,Osteoarthristis Musculoskeletal
Peptic ulcer diseae,Gastro-oesophageal Reflux Disease Digestive
Hepatitis,Substance Misuse Psychiatric
Diabetes,Osteoarthristis Musculoskeletal
Psoriasis,Raised Total Cholesterol Endocrine
Gastroenteritis,Depression Psychiatric
Pneumonia,Hypertension Cardiovascular
Peptic ulcer diseae,Raised LDL Endocrine
Jaundice,Bronchial Asthma Respiratory
Pneumonia,Enthesopathy Musculoskeletal
AIDS,Dermatitis Skin
Tuberculosis,Hypertension Cardiovascular
Peptic ulcer diseae,Osteoarthristis Musculoskeletal
Hepatitis,Hypertension Cardiovascular
Cervical spondylosis,Raised LDL Endocrine
Migraine,Bronchial Asthma Respiratory
Hypertension,Raised LDL Endocrine
Bronchial Asthma,Obesity Endocrine
Migraine,Anxiety Psychiatric
Hepatitis,Depression Psychiatric
Chronic cholestasis,Osteoarthristis Musculoskeletal
Hypertension,Raised Total Cholesterol Endocrine
Arthritis,Hypertension Cardiovascular
Hypertension,Raised LDL Endocrine
Arthritis,Raised LDL Endocrine
Acne,Allergy/chronic Rhinitis Respiratory
Bronchial Asthma,Allergy/chronic Rhinitis Respiratory
Heart attack,Osteoarthristis Musculoskeletal
Osteoarthristis,Enthesopathy Musculoskeletal
Psoriasis,Raised Total Cholesterol Endocrine
Hypertension,Obesity Endocrine
Cervical spondylosis,Raised Total Cholesterol Endocrine
Migraine,Hypertension Cardiovascular
Osteoarthristis,Depression Psychiatric
Cervical spondylosis,Raised LDL Endocrine
Arthritis,Raised Total Cholesterol Endocrine
Arthritis,Osteoarthristis Musculoskeletal
AIDS,Raised Total Cholesterol Endocrine
Allergy,Dermatitis Skin
AIDS,Infection Other organs Infections
AIDS,Depression Psychiatric
Osteoarthristis,Bacterial Infection Infections
Osteoarthristis,Raised LDL Endocrine
AIDS,Obesity Endocrine
Jaundice,Dermatitis Skin
Psoriasis,Anxiety Psychiatric
Hyperthyroidism,Depression Psychiatric
Hyperthyroidism,Obesity Endocrine
Cervical spondylosis,Hypertension Cardiovascular
Hepatitis,Anxiety Psychiatric
Peptic ulcer diseae,Hypertension Cardiovascular
Chronic cholestasis,Obesity Endocrine
Cervical spondylosis,Raised LDL Endocrine
Hypertension,Dermatitis Skin
Hypertension,Osteoarthristis Musculoskeletal
Osteoarthristis,Depression Psychiatric
Allergy,Dermatitis Skin
Heart attack,Infection Lower Respiratory Tract Infections
Chronic cholestasis,Enthesopathy Musculoskeletal
Hyperthyroidism,Obesity Endocrine
Bronchial Asthma,Raised Total Cholesterol Endocrine
AIDS,Anxiety Psychiatric
Heart attack,Infection Lower Respiratory Tract Infections
Cervical spondylosis,Raised Total Cholesterol Endocrine
Hyperthyroidism,Hypertension Cardiovascular
Hepatitis,Hypertension Cardiovascular
Jaundice,Low Birth Weight Perinatal
Acne,Dermatitis Skin
Hypertension,Dermatitis Skin
AIDS,Bronchial Asthma Respiratory
Pneumonia,Bacterial Infection Infections
Gastroenteritis,Raised Total Cholesterol Endocrine
Hepatitis,Dermatitis Skin
Heart attack,Infection Lower Respiratory Tract Infections
Bronchial Asthma,Hypertension Cardiovascular
Gastroenteritis,Depression Psychiatric
Gastroenteritis,Dermatitis Skin
Migraine,Raised Total Cholesterol Endocrine
Heart attack,Hypertension Cardiovascular
Psoriasis,Depression Psychiatric
Fungal infection,Depression Psychiatric
Gastroenteritis,Gastro-oesophageal Reflux Disease Digestive
Migraine,Anxiety Psychiatric
Acne,Anxiety Psychiatric
AIDS,Bacterial Infection Infections
Migraine,Hypertension Cardiovascular
Fungal infection,Infection Other organs Infections
Peptic ulcer diseae,Gastro-oesophageal Reflux Disease Digestive
Jaundice,Bronchial Asthma Respiratory
Hypertension,Raised LDL Endocrine
Jaundice,Viral Infection Infections
Tuberculosis,Enthesopathy Musculoskeletal
Fungal infection,Infection Other organs Infections
Psoriasis,Enthesopathy Musculoskeletal
Allergy,Bronchial Asthma Respiratory
Hypertension,Raised Total Cholesterol Endocrine
Allergy,Anxiety Psychiatric
Gastroenteritis,Enthesopathy Musculoskeletal
AIDS,Depression Psychiatric
Hepatitis,Alcohol Misuse Psychiatric
Jaundice,Viral Infection Infections
Hypertension,Raised Total Cholesterol Endocrine
Heart attack,Osteoarthristis Musculoskeletal
Osteoarthristis,Cataract Eye
Pneumonia,Hypertension Cardiovascular
Acne,Allergy/chronic Rhinitis Respiratory
Fungal infection,Infection Other organisms Infections
Bronchial Asthma,Anxiety Psychiatric
Hyperthyroidism,Hypertension Cardiovascular
Tuberculosis,Raised LDL Endocrine
Migraine,Allergy/chronic Rhinitis Respiratory
Heart attack,Obesity Endocrine
Migraine,Depression Psychiatric
Heart attack,Atrial Fibrillation Cardiovascular
Allergy,Hypertension Cardiovascular
Acne,Migraine Neurological
Gastroenteritis,Depression Psychiatric
Bronchial Asthma,Anxiety Psychiatric
Tuberculosis,Raised Total Cholesterol Endocrine
Gastroenteritis,Osteoarthristis Musculoskeletal
Tuberculosis,Raised LDL Endocrine
Jaundice,Infection Other organisms Infections
Psoriasis,Dermatitis Skin
Chronic cholestasis,Hypertension Cardiovascular
Hypertension,Dermatitis Skin
Migraine,Depression Psychiatric
Bronchial Asthma,Anxiety Psychiatric
Arthritis,Hypertension Cardiovascular
Arthritis,Bacterial Infection Infections
Tuberculosis,Depression Psychiatric
Migraine,Allergy/chronic Rhinitis Respiratory
Allergy,Dermatitis Skin
Chronic cholestasis,Enthesopathy Musculoskeletal
Fungal infection,Hypertension Cardiovascular
Fungal infection,Depression Psychiatric
Heart attack,Atrial Fibrillation Cardiovascular
Hypertension,Cataract Eye
Hyperthyroidism,Hypertension Cardiovascular
Tuberculosis,Hypertension Cardiovascular
Fungal infection,Infection Other organs Infections
Hyperthyroidism,Hypertension Cardiovascular
Diabetes,Obesity Endocrine
Acne,Dermatitis Skin
Jaundice,Dermatitis Skin
Hypertension,Raised Triglycerides Endocrine
Peptic ulcer diseae,Raised Total Cholesterol Endocrine
Peptic ulcer diseae,Depression Psychiatric
Chronic cholestasis,Bacterial Infection Infections
Heart attack,Osteoarthristis Musculoskeletal
Fungal infection,Infection Lower Respiratory Tract Infections
Hyperthyroidism,Raised LDL Endocrine
Cervical spondylosis,Raised Total Cholesterol Endocrine
Fungal infection,Infection Other organisms Infections
Pneumonia,Enthesopathy Musculoskeletal
Heart attack,Infection Other organisms Infections
Cervical spondylosis,Osteoarthristis Musculoskeletal
Allergy,Enthesopathy Musculoskeletal
Peptic ulcer diseae,Depression Psychiatric
AIDS,Infection Other organs Infections
AIDS,Hypertension Cardiovascular
Jaundice,Premature Delivery Perinatal
Tuberculosis,Infection Lower Respiratory Tract Infections
Acne,Bronchial Asthma Respiratory
Diabetes,Diabetic Eye Disease Eye
Jaundice,Viral Infection Infections
Diabetes,Raised LDL Endocrine
Gastroenteritis,Hypertension Cardiovascular
Psoriasis,Obesity Endocrine
Hyperthyroidism,Raised LDL Endocrine
Jaundice,Premature Delivery Perinatal
Osteoarthristis,Raised Total Cholesterol Endocrine
Acne,Dermatitis Skin
Osteoarthristis,Dermatitis Skin
Osteoarthristis,Obesity Endocrine
Allergy,Enthesopathy Musculoskeletal
Peptic ulcer diseae,Raised LDL Endocrine
Diabetes,Raised LDL Endocrine
Cervical spondylosis,Hypertension Cardiovascular
Hyperthyroidism,Dermatitis Skin
Diabetes,Raised LDL Endocrine
AIDS,Allergy/chronic Rhinitis Respiratory
Diabetes,Diabetic Eye Disease Eye
Gastroenteritis,Osteoarthristis Musculoskeletal
Allergy,Raised LDL Endocrine
Bronchial Asthma,Allergy/chronic Rhinitis Respiratory
Psoriasis,Hypertension Cardiovascular
Tuberculosis,Osteoarthristis Musculoskeletal
Chronic cholestasis,Hypertension Cardiovascular
Cervical spondylosis,Enthesopathy Musculoskeletal
Hyperthyroidism,Hypertension Cardiovascular
Peptic ulcer diseae,Gastroenteritis Digestive
Peptic ulcer diseae,Gastroenteritis Digestive
Tuberculosis,Osteoarthristis Musculoskeletal
AIDS,Hypertension Cardiovascular
Diabetes,Enthesopathy Musculoskeletal
Migraine,Anxiety Psychiatric
Pneumonia,Dermatitis Skin
Bronchial Asthma,Obesity Endocrine
Acne,Menorrhagia Genitourinary
Acne,Menorrhagia Genitourinary
Osteoarthristis,Raised LDL Endocrine
Allergy,Obesity Endocrine
Hepatitis,Dermatitis Skin
Chronic cholestasis,Hypertension Cardiovascular
AIDS,Bacterial Infection Infections
Chronic cholestasis,Raised Total Cholesterol Endocrine
Peptic ulcer diseae,Osteoarthristis Musculoskeletal
Hyperthyroidism,Obesity Endocrine
Tuberculosis,Hypertension Cardiovascular
Hyperthyroidism,Hypertension Cardiovascular
Osteoarthristis,Enthesopathy Musculoskeletal
Hyperthyroidism,Bacterial Infection Infections
Hepatitis,Depression Psychiatric
Pneumonia,Infection Lower Respiratory Tract Infections
Tuberculosis,Osteoarthristis Musculoskeletal
Hypertension,Osteoarthristis Musculoskeletal
Acne,Allergy/chronic Rhinitis Respiratory
Cervical spondylosis,Osteoarthristis Musculoskeletal
Allergy,Raised Total Cholesterol Endocrine
Arthritis,Depression Psychiatric
Migraine,Raised Total Cholesterol Endocrine
Jaundice,Viral Infection Infections
Osteoarthristis,Raised LDL Endocrine
AIDS,Allergy/chronic Rhinitis Respiratory
Tuberculosis,Obesity Endocrine
Psoriasis,Osteoarthristis Musculoskeletal
Heart attack,Cataract Eye
Arthritis,Raised Total Cholesterol Endocrine
AIDS,Allergy/chronic Rhinitis Respiratory
Bronchial Asthma,Raised LDL Endocrine
Fungal infection,Depression Psychiatric
Pneumonia,Depression Psychiatric
Osteoarthristis,Raised LDL Endocrine
Arthritis,Raised Total Cholesterol Endocrine
Pneumonia,Infection Other organisms Infections
Chronic cholestasis,Raised LDL Endocrine
Gastroenteritis,Obesity Endocrine
Gastroenteritis,Osteoarthristis Musculoskeletal
AIDS,Obesity Endocrine
Fungal infection,Infection Other organisms Infections
Diabetes,Osteoarthristis Musculoskeletal
Diabetes,Low HDL Endocrine
Tuberculosis,Dermatitis Skin
Gastroenteritis,Osteoarthristis Musculoskeletal
Arthritis,Dermatitis Skin
Hypertension,Raised Triglycerides Endocrine
Jaundice,Low Birth Weight Perinatal
Allergy,Raised Total Cholesterol Endocrine
Arthritis,Enthesopathy Musculoskeletal
Hepatitis,Infection Liver Infections
Allergy,Hypertension Cardiovascular
Migraine,Dermatitis Skin
Peptic ulcer diseae,Depression Psychiatric
Cervical spondylosis,Obesity Endocrine
Allergy,Raised LDL Endocrine
Osteoarthristis,Raised Total Cholesterol Endocrine
Tuberculosis,Enthesopathy Musculoskeletal
Osteoarthristis,Obesity Endocrine
Gastroenteritis,Diaphragmatic Hernia Digestive
Hypertension,Cataract Eye
Hyperthyroidism,Dermatitis Skin
Bronchial Asthma,Hypertension Cardiovascular
Bronchial Asthma,Dermatitis Skin
Gastroenteritis,Obesity Endocrine
Psoriasis,Enthesopathy Musculoskeletal
Osteoarthristis,Cataract Eye
AIDS,Bacterial Infection Infections
Gastroenteritis,Hypertension Cardiovascular
Migraine,Raised Total Cholesterol Endocrine
Heart attack,Raised Total Cholesterol Endocrine
Fungal infection,Bacterial Infection Infections
Acne,Depression Psychiatric
Psoriasis,Hypertension Cardiovascular
Pneumonia,Enthesopathy Musculoskeletal
Acne,Dermatitis Skin
Hypertension,Enthesopathy Musculoskeletal
Jaundice,Low Birth Weight Perinatal
Psoriasis,Osteoarthristis Musculoskeletal
AIDS,Allergy/chronic Rhinitis Respiratory
AIDS,Dermatitis Skin
Psoriasis,Enthesopathy Musculoskeletal
Hyperthyroidism,Depression Psychiatric
Migraine,Bronchial Asthma Respiratory
Fungal infection,Infection Other organisms Infections
Hepatitis,Infection Liver Infections
Acne,Depression Psychiatric
Peptic ulcer diseae,Gastro-oesophageal Reflux Disease Digestive
Gastroenteritis,Gastro-oesophageal Reflux Disease Digestive
Psoriasis,Raised LDL Endocrine
Chronic cholestasis,Cholecystitis Digestive
Psoriasis,Raised Total Cholesterol Endocrine
Psoriasis,Depression Psychiatric
Diabetes,Raised Triglycerides Endocrine
Diabetes,Hypertension Cardiovascular
Diabetes,Hypertension Cardiovascular
Osteoarthristis,Raised Total Cholesterol Endocrine
Tuberculosis,Raised Total Cholesterol Endocrine
Osteoarthristis,Dermatitis Skin
Pneumonia,Bacterial Infection Infections
Arthritis,Osteoarthristis Musculoskeletal
AIDS,Dermatitis Skin
Cervical spondylosis,Osteoarthristis Musculoskeletal
Osteoarthristis,Dermatitis Skin
Peptic ulcer diseae,Hypertension Cardiovascular
Acne,Bronchial Asthma Respiratory
Bronchial Asthma,Dermatitis Skin
Fungal infection,Urinary Tract Infection Infections
Chronic cholestasis,Depression Psychiatric
Jaundice,Respiratory Distress of the Newborn Perinatal
Psoriasis,Anxiety Psychiatric
Hyperthyroidism,Depression Psychiatric
Acne,Allergy/chronic Rhinitis Respiratory
Tuberculosis,Dermatitis Skin
Fungal infection,Infection Other organs Infections
Arthritis,Hypertension Cardiovascular
Fungal infection,Bacterial Infection Infections
Jaundice,Low Birth Weight Perinatal
Jaundice,Infection Lower Respiratory Tract Infections
Cervical spondylosis,Hypertension Cardiovascular
Peptic ulcer diseae,Hypertension Cardiovascular
Osteoarthristis,Raised Triglycerides Endocrine
Allergy,Depression Psychiatric
Diabetes,Obesity Endocrine
Jaundice,Respiratory Distress of the Newborn Perinatal
Bronchial Asthma,Raised LDL Endocrine
Jaundice,Premature Delivery Perinatal
Jaundice,Bronchial Asthma Respiratory
Peptic ulcer diseae,Depression Psychiatric
AIDS,Bacterial Infection Infections
Peptic ulcer diseae,Gastro-oesophageal Reflux Disease Digestive
Bronchial Asthma,Raised Total Cholesterol Endocrine
Acne,Bronchial Asthma Respiratory
Cervical spondylosis,Obesity Endocrine
Cervical spondylosis,Depression Psychiatric
Arthritis,Infection Other organisms Infections
AIDS,Infection Other organs Infections
Diabetes,Raised Total Cholesterol Endocrine
Tuberculosis,Dermatitis Skin
Bronchial Asthma,Depression Psychiatric
Hypertension,Depression Psychiatric
Acne,Enthesopathy Musculoskeletal
Fungal infection,Bacterial Infection Infections
Acne,Allergy/chronic Rhinitis Respiratory
Migraine,Dermatitis Skin
Allergy,Enthesopathy Musculoskeletal
Acne,Allergy/chronic Rhinitis Respiratory
Pneumonia,Bronchial Asthma Respiratory
Diabetes,Osteoarthristis Musculoskeletal
Hepatitis,Infection Liver Infections
Gastroenteritis,Gastro-oesophageal Reflux Disease Digestive
Arthritis,Obesity Endocrine
Pneumonia,Enthesopathy Musculoskeletal
Chronic cholestasis,Cholecystitis Digestive
Hypertension,Dermatitis Skin
Hypertension,Enthesopathy Musculoskeletal
Bronchial Asthma,Dermatitis Skin
Bronchial Asthma,Hypertension Cardiovascular
Tuberculosis,Infection Lower Respiratory Tract Infections
Peptic ulcer diseae,Raised LDL Endocrine
Acne,Dermatitis Skin
AIDS,Bronchial Asthma Respiratory
Pneumonia,Infection Other organisms Infections
Acne,Obesity Endocrine
Osteoarthristis,Raised Triglycerides Endocrine
Heart attack,Hypertension Cardiovascular
Pneumonia,Bacterial Infection Infections
Peptic ulcer diseae,Osteoarthristis Musculoskeletal
Cervical spondylosis,Enthesopathy Musculoskeletal
Arthritis,Depression Psychiatric
Fungal infection,Hypertension Cardiovascular
Diabetes,Low HDL Endocrine
Diabetes,Low HDL Endocrine
Jaundice,Infection Other organisms Infections
Hypertension,Raised Total Cholesterol Endocrine
Peptic ulcer diseae,Enthesopathy Musculoskeletal
Cervical spondylosis,Enthesopathy Musculoskeletal
Migraine,Raised Total Cholesterol Endocrine
Osteoarthristis,Hypertension Cardiovascular
Psoriasis,Depression Psychiatric
Hepatitis,Anxiety Psychiatric
Jaundice,Infection Other organisms Infections
Tuberculosis,Bacterial Infection Infections
Peptic ulcer diseae,Raised Total Cholesterol Endocrine
Fungal infection,Depression Psychiatric
Jaundice,Dermatitis Skin
Diabetes,Raised LDL Endocrine
Hepatitis,Depression Psychiatric
Migraine,Allergy/chronic Rhinitis Respiratory
Tuberculosis,Obesity Endocrine
Migraine,Raised LDL Endocrine
Hepatitis,Alcohol Misuse Psychiatric
Hepatitis,Obesity Endocrine
Peptic ulcer diseae,Bacterial Infection Infections
Migraine,Bronchial Asthma Respiratory
Bronchial Asthma,Anxiety Psychiatric
Acne,Allergy/chronic Rhinitis Respiratory
Allergy,Dermatitis Skin
Psoriasis,Raised Total Cholesterol Endocrine
Diabetes,Osteoarthristis Musculoskeletal
Psoriasis,Hypertension Cardiovascular
Heart attack,Hypertension Cardiovascular
Diabetes,Obesity Endocrine
Jaundice,Respiratory Distress of the Newborn Perinatal
Peptic ulcer diseae,Raised LDL Endocrine
Arthritis,Obesity Endocrine
Diabetes,Raised Total Cholesterol Endocrine
Diabetes,Raised Triglycerides Endocrine
Acne,Dermatitis Skin
Jaundice,Premature Delivery Perinatal
Hypertension,Depression Psychiatric
Jaundice,Infection Other organisms Infections
Psoriasis,Osteoarthristis Musculoskeletal
Cervical spondylosis,Anxiety Psychiatric
Arthritis,Obesity Endocrine
Chronic cholestasis,Depression Psychiatric
Bronchial Asthma,Raised LDL Endocrine
Acne,Bronchial Asthma Respiratory
Gastroenteritis,Diaphragmatic Hernia Digestive
Allergy,Depression Psychiatric
Chronic cholestasis,Dermatitis Skin
Acne,Depression Psychiatric
Allergy,Obesity Endocrine
Hepatitis,Alcohol Misuse Psychiatric
Jaundice,Premature Delivery Perinatal
Hyperthyroidism,Obesity Endocrine
Chronic cholestasis,Enthesopathy Musculoskeletal
Heart attack,Infection Lower Respiratory Tract Infections
Hypertension,Raised Total Cholesterol Endocrine
Diabetes,Diabetic Eye Disease Eye
Hypertension,Dermatitis Skin
Psoriasis,Enthesopathy Musculoskeletal
Migraine,Raised Total Cholesterol Endocrine
Allergy,Raised LDL Endocrine
AIDS,Hypertension Cardiovascular
Hyperthyroidism,Bacterial Infection Infections
Hypertension,Bacterial Infection Infections
Migraine,Depression Psychiatric
AIDS,Depression Psychiatric
Gastroenteritis,Gastro-oesophageal Reflux Disease Digestive
Diabetes,Raised LDL Endocrine
Heart attack,Osteoarthristis Musculoskeletal
Fungal infection,Infection Lower Respiratory Tract Infections
Pneumonia,Infection Other organisms Infections
Migraine,Depression Psychiatric
Chronic cholestasis,Hypertension Cardiovascular
Hypertension,Osteoarthristis Musculoskeletal
Gastroenteritis,Depression Psychiatric
Jaundice,Premature Delivery Perinatal
Cervical spondylosis,Raised Total Cholesterol Endocrine
Heart attack,Stable Angina Cardiovascular
Arthritis,Osteoarthristis Musculoskeletal
Fungal infection,Infection Other organisms Infections
Hyperthyroidism,Raised Total Cholesterol Endocrine
Osteoarthristis,Raised Triglycerides Endocrine
Osteoarthristis,Raised Triglycerides Endocrine
Hyperthyroidism,Dermatitis Skin
Diabetes,Obesity Endocrine
Bronchial Asthma,Enthesopathy Musculoskeletal
Psoriasis,Enthesopathy Musculoskeletal
Tuberculosis,Hypertension Cardiovascular
Fungal infection,Urinary Tract Infection Infections
Cervical spondylosis,Osteoarthristis Musculoskeletal
Tuberculosis,Bacterial Infection Infections
Psoriasis,Enthesopathy Musculoskeletal
Hypertension,Raised Total Cholesterol Endocrine
Gastroenteritis,Osteoarthristis Musculoskeletal
Diabetes,Raised Total Cholesterol Endocrine
Cervical spondylosis,Depression Psychiatric
Acne,Bronchial Asthma Respiratory
Peptic ulcer diseae,Hypertension Cardiovascular
Diabetes,Raised Triglycerides Endocrine
Migraine,Hypertension Cardiovascular
AIDS,Depression Psychiatric
Hyperthyroidism,Bacterial Infection Infections
Acne,Anxiety Psychiatric
Gastroenteritis,Oesophageal Ulcer Digestive
Gastroenteritis,Osteoarthristis Musculoskeletal
Hepatitis,Anxiety Psychiatric
Gastroenteritis,Osteoarthristis Musculoskeletal
Jaundice,Infection Lower Respiratory Tract Infections
Hyperthyroidism,Bacterial Infection Infections
Hypertension,Osteoarthristis Musculoskeletal
Acne,Depression Psychiatric
Allergy,Depression Psychiatric
Psoriasis,Dermatitis Skin
Arthritis,Infection Other organisms Infections
Fungal infection,Infection Other organisms Infections
AIDS,Allergy/chronic Rhinitis Respiratory
Acne,Bronchial Asthma Respiratory
Pneumonia,Raised Total Cholesterol Endocrine
Fungal infection,Raised Total Cholesterol Endocrine
Hepatitis,Substance Misuse Psychiatric
Pneumonia,Raised Total Cholesterol Endocrine
Jaundice,Infection Other organisms Infections
Arthritis,Depression Psychiatric
Chronic cholestasis,Enthesopathy Musculoskeletal
Bronchial Asthma,Enthesopathy Musculoskeletal
Osteoarthristis,Hypertension Cardiovascular
Gastroenteritis,Obesity Endocrine
AIDS,Infection Other organs Infections
Psoriasis,Obesity Endocrine
Hypertension,Raised LDL Endocrine
Acne,Irritable Bowel Syndrome Digestive
Hyperthyroidism,Dermatitis Skin
AIDS,Depression Psychiatric
AIDS,Infection Other organs Infections
Chronic cholestasis,Cholecystitis Digestive
Acne,Irritable Bowel Syndrome Digestive
Hypertension,Depression Psychiatric
Jaundice,Dermatitis Skin
Chronic cholestasis,Cholecystitis Digestive
Jaundice,Dermatitis Skin
Heart attack,Infection Other organisms Infections
AIDS,Bacterial Infection Infections
Arthritis,Enthesopathy Musculoskeletal
Jaundice,Viral Infection Infections
AIDS,Bacterial Infection Infections
Hyperthyroidism,Raised Total Cholesterol Endocrine
Fungal infection,Bacterial Infection Infections
Peptic ulcer diseae,Obesity Endocrine
Peptic ulcer diseae,Gastro-oesophageal Reflux Disease Digestive
Diabetes,Hypertension Cardiovascular
Chronic cholestasis,Raised LDL Endocrine
Diabetes,Hypertension Cardiovascular
Tuberculosis,Depression Psychiatric
Fungal infection,Urinary Tract Infection Infections
Tuberculosis,Obesity Endocrine
Migraine,Enthesopathy Musculoskeletal
Migraine,Dermatitis Skin
Psoriasis,Raised LDL Endocrine
Diabetes,Low HDL Endocrine
Migraine,Dermatitis Skin
AIDS,Obesity Endocrine
Cervical spondylosis,Raised Triglycerides Endocrine
Jaundice,Infection Lower Respiratory Tract Infections
Peptic ulcer diseae,Gastroenteritis Digestive
Osteoarthristis,Depression Psychiatric
Arthritis,Raised LDL Endocrine
Tuberculosis,Obesity Endocrine
Tuberculosis,Enthesopathy Musculoskeletal
Migraine,Dermatitis Skin
AIDS,Raised Total Cholesterol Endocrine
Diabetes,Hypertension Cardiovascular
Heart attack,Infection Other organisms Infections
Hepatitis,Infection Liver Infections
Psoriasis,Obesity Endocrine
Allergy,Raised LDL Endocrine
AIDS,Anxiety Psychiatric
Fungal infection,Hypertension Cardiovascular
Osteoarthristis,Raised Total Cholesterol Endocrine
Diabetes,Enthesopathy Musculoskeletal
Acne,Enthesopathy Musculoskeletal
Migraine,Depression Psychiatric
Hepatitis,Infection Liver Infections
Migraine,Anxiety Psychiatric
Acne,Dermatitis Skin
Cervical spondylosis,Dermatitis Skin
Acne,Enthesopathy Musculoskeletal
Fungal infection,Depression Psychiatric
Jaundice,Premature Delivery Perinatal
Bronchial Asthma,Enthesopathy Musculoskeletal
Diabetes,Osteoarthristis Musculoskeletal
Hypertension,Enthesopathy Musculoskeletal
Hypertension,Raised LDL Endocrine
Arthritis,Raised LDL Endocrine
Heart attack,Bacterial Infection Infections
Hyperthyroidism,Obesity Endocrine
Hepatitis,Alcohol Misuse Psychiatric
Cervical spondylosis,Obesity Endocrine
Peptic ulcer diseae,Hypertension Cardiovascular
Cervical spondylosis,Raised Total Cholesterol Endocrine
AIDS,Depression Psychiatric
Fungal infection,Dermatitis Skin
Fungal infection,Bacterial Infection Infections
Acne,Obesity Endocrine
Bronchial Asthma,Enthesopathy Musculoskeletal
Bronchial Asthma,Raised Total Cholesterol Endocrine
AIDS,Anxiety Psychiatric
Bronchial Asthma,Infection Other organisms Infections
Arthritis,Hypertension Cardiovascular
Fungal infection,Dermatitis Skin
Bronchial Asthma,Dermatitis Skin
Pneumonia,Depression Psychiatric
Pneumonia,Infection Lower Respiratory Tract Infections
Pneumonia,Enthesopathy Musculoskeletal
Psoriasis,Depression Psychiatric
Peptic ulcer diseae,Obesity Endocrine
Hepatitis,Substance Misuse Psychiatric
Jaundice,Dermatitis Skin
Bronchial Asthma,Infection Other organisms Infections
Peptic ulcer diseae,Gastro-oesophageal Reflux Disease Digestive
Pneumonia,Raised Total Cholesterol Endocrine
Diabetes,Obesity Endocrine
Allergy,Dermatitis Skin
Pneumonia,Hypertension Cardiovascular
Allergy,Raised Total Cholesterol Endocrine
Allergy,Anxiety Psychiatric
Jaundice,Infection Lower Respiratory Tract Infections
Osteoarthristis,Raised LDL Endocrine
Hyperthyroidism,Bacterial Infection Infections
Heart attack,Infection Lower Respiratory Tract Infections
Chronic cholestasis,Cholecystitis Digestive
Osteoarthristis,Raised Total Cholesterol Endocrine
Gastroenteritis,Hypertension Cardiovascular
Tuberculosis,Depression Psychiatric
Allergy,Dermatitis Skin
Cervical spondylosis,Osteoarthristis Musculoskeletal
Jaundice,Respiratory Distress of the Newborn Perinatal
Arthritis,Bacterial Infection Infections
Cervical spondylosis,Dermatitis Skin
Peptic ulcer diseae,Raised Total Cholesterol Endocrine
Heart attack,Hypertension Cardiovascular
Hypertension,Obesity Endocrine
Acne,Enthesopathy Musculoskeletal
Hypertension,Enthesopathy Musculoskeletal
Cervical spondylosis,Raised Total Cholesterol Endocrine
Jaundice,Infection Ear/Upper Respiratory Tract Infections
Cervical spondylosis,Enthesopathy Musculoskeletal
Allergy,Raised Total Cholesterol Endocrine
Peptic ulcer diseae,Enthesopathy Musculoskeletal
Gastroenteritis,Obesity Endocrine
Hepatitis,Bronchial Asthma Respiratory
Jaundice,Infection Other organisms Infections
Allergy,Dermatitis Skin
Osteoarthristis,Hypertension Cardiovascular
Allergy,Raised Total Cholesterol Endocrine
Hypertension,Bacterial Infection Infections
Chronic cholestasis,Obesity Endocrine
AIDS,Raised Total Cholesterol Endocrine
Acne,Irritable Bowel Syndrome Digestive
Allergy,Dermatitis Skin
Hypertension,Raised Triglycerides Endocrine
Arthritis,Raised LDL Endocrine
Migraine,Enthesopathy Musculoskeletal
Psoriasis,Dermatitis Skin
Hypertension,Raised LDL Endocrine
Cervical spondylosis,Anxiety Psychiatric
Osteoarthristis,Raised Total Cholesterol Endocrine
Allergy,Hypertension Cardiovascular
Allergy,Bronchial Asthma Respiratory
Arthritis,Dermatitis Skin
Jaundice,Viral Infection Infections
Pneumonia,Bacterial Infection Infections
Migraine,Allergy/chronic Rhinitis Respiratory
Allergy,Depression Psychiatric
AIDS,Depression Psychiatric
Psoriasis,Obesity Endocrine
Acne,Dermatitis Skin
Migraine,Hypertension Cardiovascular
Tuberculosis,Dermatitis Skin
Psoriasis,Enthesopathy Musculoskeletal
Arthritis,Obesity Endocrine
Hyperthyroidism,Enthesopathy Musculoskeletal
Acne,Allergy/chronic Rhinitis Respiratory
Heart attack,Atrial Fibrillation Cardiovascular
Fungal infection,Infection Other organs Infections
Diabetes,Raised LDL Endocrine
Diabetes,Raised Triglycerides Endocrine
Heart attack,Bacterial Infection Infections
Hyperthyroidism,Hypertension Cardiovascular
Chronic cholestasis,Obesity Endocrine
Hepatitis,Depression Psychiatric
Cervical spondylosis,Depression Psychiatric
Hepatitis,Substance Misuse Psychiatric
Heart attack,Osteoarthristis Musculoskeletal
Fungal infection,Urinary Tract Infection Infections
Allergy,Dermatitis Skin
Tuberculosis,Dermatitis Skin
Acne,Allergy/chronic Rhinitis Respiratory
Chronic cholestasis,Dermatitis Skin
Heart attack,Raised Total Cholesterol Endocrine
Tuberculosis,Bacterial Infection Infections
Diabetes,Hypertension Cardiovascular
Migraine,Dermatitis Skin
Tuberculosis,Enthesopathy Musculoskeletal
Acne,Depression Psychiatric
Migraine,Raised LDL Endocrine
Bronchial Asthma,Allergy/chronic Rhinitis Respiratory
Psoriasis,Dermatitis Skin
Diabetes,Low HDL Endocrine
Pneumonia,Chronic Obstructive Pulmonary Disease Respiratory
Gastroenteritis,Raised Total Cholesterol Endocrine
Pneumonia,Bronchial Asthma Respiratory
Heart attack,Atrial Fibrillation Cardiovascular
Allergy,Bronchial Asthma Respiratory
Gastroenteritis,Dermatitis Skin
Cervical spondylosis,Depression Psychiatric
AIDS,Depression Psychiatric
Gastroenteritis,Enthesopathy Musculoskeletal
Migraine,Obesity Endocrine
Arthritis,Infection Other organisms Infections
Cervical spondylosis,Obesity Endocrine
Hepatitis,Hypertension Cardiovascular
Hyperthyroidism,Raised LDL Endocrine
AIDS,Depression Psychiatric
Tuberculosis,Enthesopathy Musculoskeletal
Osteoarthristis,Raised Total Cholesterol Endocrine
AIDS,Dermatitis Skin
Migraine,Enthesopathy Musculoskeletal
Bronchial Asthma,Raised LDL Endocrine
Psoriasis,Allergy/chronic Rhinitis Respiratory
Pneumonia,Dermatitis Skin
Hypertension,Osteoarthristis Musculoskeletal
Pneumonia,Depression Psychiatric
Pneumonia,Dermatitis Skin
Bronchial Asthma,Obesity Endocrine
Hepatitis,Obesity Endocrine
Osteoarthristis,Raised Total Cholesterol Endocrine
Allergy,Raised LDL Endocrine
Heart attack,Atrial Fibrillation Cardiovascular
Gastroenteritis,Hypertension Cardiovascular
Acne,Enthesopathy Musculoskeletal
Peptic ulcer diseae,Osteoarthristis Musculoskeletal
Hepatitis,Hypertension Cardiovascular
Tuberculosis,Hypertension Cardiovascular
Migraine,Raised Total Cholesterol Endocrine
Arthritis,Hypertension Cardiovascular
Tuberculosis,Bacterial Infection Infections
AIDS,Infection Other organs Infections
Fungal infection,Infection Other organs Infections
Peptic ulcer diseae,Depression Psychiatric
AIDS,Bronchial Asthma Respiratory
Hypertension,Enthesopathy Musculoskeletal
Hyperthyroidism,Dermatitis Skin
Acne,Anxiety Psychiatric
Tuberculosis,Hypertension Cardiovascular
Osteoarthristis,Cataract Eye
Pneumonia,Hypertension Cardiovascular
Diabetes,Raised Total Cholesterol Endocrine
Peptic ulcer diseae,Bacterial Infection Infections
Psoriasis,Hypertension Cardiovascular
Fungal infection,Hypertension Cardiovascular
AIDS,Obesity Endocrine
Tuberculosis,Raised LDL Endocrine
Jaundice,Viral Infection Infections
Migraine,Anxiety Psychiatric
Peptic ulcer diseae,Depression Psychiatric
Hyperthyroidism,Enthesopathy Musculoskeletal
Psoriasis,Hypertension Cardiovascular
Pneumonia,Bronchial Asthma Respiratory
Migraine,Raised Total Cholesterol Endocrine
Cervical spondylosis,Obesity Endocrine
Gastroenteritis,Oesophageal Ulcer Digestive
Fungal infection,Raised Total Cholesterol Endocrine
Arthritis,Raised LDL Endocrine
Osteoarthristis,Hypertension Cardiovascular
Acne,Anxiety Psychiatric
Fungal infection,Urinary Tract Infection Infections
Gastroenteritis,Raised Total Cholesterol Endocrine
Chronic cholestasis,Bacterial Infection Infections
Allergy,Obesity Endocrine
Gastroenteritis,Obesity Endocrine
Allergy,Depression Psychiatric
Hypertension,Raised Triglycerides Endocrine
Acne,Dermatitis Skin
Pneumonia,Infection Lower Respiratory Tract Infections
Migraine,Dermatitis Skin
Heart attack,Cataract Eye
Jaundice,Bronchial Asthma Respiratory
Acne,Migraine Neurological
Hyperthyroidism,Osteoarthristis Musculoskeletal
Pneumonia,Enthesopathy Musculoskeletal
Bronchial Asthma,Allergy/chronic Rhinitis Respiratory
Gastroenteritis,Dermatitis Skin
Hypertension,Raised Total Cholesterol Endocrine
Osteoarthristis,Cataract Eye
AIDS,Infection Other organs Infections
Gastroenteritis,Dermatitis Skin
AIDS,Bronchial Asthma Respiratory
Peptic ulcer diseae,Gastroenteritis Digestive
Heart attack,Bacterial Infection Infections
Heart attack,Obesity Endocrine
Hepatitis,Dermatitis Skin
Psoriasis,Dermatitis Skin
Diabetes,Raised Total Cholesterol Endocrine
Bronchial Asthma,Dermatitis Skin
Pneumonia,Chronic Obstructive Pulmonary Disease Respiratory
Bronchial Asthma,Allergy/chronic Rhinitis Respiratory
Pneumonia,Dermatitis Skin
Acne,Migraine Neurological
Cervical spondylosis,Obesity Endocrine
Arthritis,Enthesopathy Musculoskeletal
Bronchial Asthma,Hypertension Cardiovascular
Arthritis,Osteoarthristis Musculoskeletal
Pneumonia,Bacterial Infection Infections
Hypertension,Raised Total Cholesterol Endocrine
Chronic cholestasis,Enthesopathy Musculoskeletal
Allergy,Hypertension Cardiovascular
Hypertension,Raised LDL Endocrine
Allergy,Raised Total Cholesterol Endocrine
Diabetes,Obesity Endocrine
Tuberculosis,Infection Lower Respiratory Tract Infections
Psoriasis,Raised LDL Endocrine
Cervical spondylosis,Enthesopathy Musculoskeletal
Peptic ulcer diseae,Hypertension Cardiovascular
Acne,Bronchial Asthma Respiratory
Acne,Anxiety Psychiatric
Diabetes,Obesity Endocrine
Gastroenteritis,Obesity Endocrine
Peptic ulcer diseae,Obesity Endocrine
Chronic cholestasis,Depression Psychiatric
Heart attack,Infection Lower Respiratory Tract Infections
Tuberculosis,Enthesopathy Musculoskeletal
Bronchial Asthma,Depression Psychiatric
Chronic cholestasis,Osteoarthristis Musculoskeletal
Arthritis,Raised LDL Endocrine
Allergy,Raised Total Cholesterol Endocrine
Bronchial Asthma,Depression Psychiatric
Peptic ulcer diseae,Raised LDL Endocrine
AIDS,Obesity Endocrine
Bronchial Asthma,Infection Other organisms Infections
Tuberculosis,Osteoarthristis Musculoskeletal
Heart attack,Infection Other organisms Infections
Hyperthyroidism,Enthesopathy Musculoskeletal
Chronic cholestasis,Osteoarthristis Musculoskeletal
Psoriasis,Dermatitis Skin
Peptic ulcer diseae,Enthesopathy Musculoskeletal
Gastroenteritis,Osteoarthristis Musculoskeletal
Bronchial Asthma,Infection Other organisms Infections
Cervical spondylosis,Anxiety Psychiatric
Hyperthyroidism,Obesity Endocrine
Cervical spondylosis,Hypertension Cardiovascular
Psoriasis,Dermatitis Skin
Chronic cholestasis,Depression Psychiatric
Allergy,Bronchial Asthma Respiratory
Psoriasis,Depression Psychiatric
Peptic ulcer diseae,Gastroenteritis Digestive
Migraine,Dermatitis Skin
Diabetes,Hypertension Cardiovascular
Pneumonia,Dermatitis Skin
Hyperthyroidism,Raised LDL Endocrine
Migraine,Obesity Endocrine
Fungal infection,Bronchial Asthma Respiratory
Heart attack,Raised Total Cholesterol Endocrine
Jaundice,Infection Lower Respiratory Tract Infections
Arthritis,Hypertension Cardiovascular
Gastroenteritis,Diaphragmatic Hernia Digestive
Hypertension,Depression Psychiatric
Migraine,Depression Psychiatric
Tuberculosis,Obesity Endocrine
Hyperthyroidism,Raised Total Cholesterol Endocrine
Fungal infection,Infection Lower Respiratory Tract Infections
Chronic cholestasis,Enthesopathy Musculoskeletal
Pneumonia,Infection Lower Respiratory Tract Infections
Acne,Dermatitis Skin
Hyperthyroidism,Enthesopathy Musculoskeletal
Hypertension,Raised Triglycerides Endocrine
Chronic cholestasis,Osteoarthristis Musculoskeletal
Migraine,Depression Psychiatric
Bronchial Asthma,Dermatitis Skin
Heart attack,Hypertension Cardiovascular
Hepatitis,Infection Liver Infections
Bronchial Asthma,Allergy/chronic Rhinitis Respiratory
Jaundice,Premature Delivery Perinatal
Heart attack,Infection Other organisms Infections
Hepatitis,Depression Psychiatric
Fungal infection,Bacterial Infection Infections
Fungal infection,Hypertension Cardiovascular
Tuberculosis,Raised Total Cholesterol Endocrine
Tuberculosis,Enthesopathy Musculoskeletal
Migraine,Anxiety Psychiatric
Bronchial Asthma,Depression Psychiatric
Acne,Depression Psychiatric
Cervical spondylosis,Dermatitis Skin
Arthritis,Osteoarthristis Musculoskeletal
Osteoarthristis,Raised Total Cholesterol Endocrine
Chronic cholestasis,Raised Total Cholesterol Endocrine
Acne,Bronchial Asthma Respiratory
Gastroenteritis,Hypertension Cardiovascular
Chronic cholestasis,Bacterial Infection Infections
Gastroenteritis,Hypertension Cardiovascular
Fungal infection,Bacterial Infection Infections
Diabetes,Obesity Endocrine
Jaundice,Dermatitis Skin
Gastroenteritis,Hypertension Cardiovascular
Jaundice,Infection Ear/Upper Respiratory Tract Infections
Hyperthyroidism,Depression Psychiatric
Tuberculosis,Obesity Endocrine
AIDS,Infection Other organs Infections
Heart attack,Atrial Fibrillation Cardiovascular
Hyperthyroidism,Hypertension Cardiovascular
Gastroenteritis,Diaphragmatic Hernia Digestive
Acne,Menorrhagia Genitourinary
Allergy,Hypertension Cardiovascular
Hypertension,Obesity Endocrine
Peptic ulcer diseae,Gastroenteritis Digestive
Cervical spondylosis,Obesity Endocrine
Fungal infection,Infection Other organisms Infections
Chronic cholestasis,Raised Total Cholesterol Endocrine
Jaundice,Low Birth Weight Perinatal
Allergy,Enthesopathy Musculoskeletal
Hyperthyroidism,Raised Triglycerides Endocrine
Migraine,Obesity Endocrine
Bronchial Asthma,Obesity Endocrine
Osteoarthristis,Enthesopathy Musculoskeletal
Cervical spondylosis,Raised Triglycerides Endocrine
Hyperthyroidism,Obesity Endocrine
Peptic ulcer diseae,Obesity Endocrine
Cervical spondylosis,Dermatitis Skin
Hyperthyroidism,Raised Total Cholesterol Endocrine
Hyperthyroidism,Bacterial Infection Infections
Pneumonia,Infection Other organisms Infections
Psoriasis,Raised LDL Endocrine
Allergy,Bronchial Asthma Respiratory
Hypertension,Bacterial Infection Infections
Heart attack,Hypertension Cardiovascular
AIDS,Anxiety Psychiatric
Peptic ulcer diseae,Bacterial Infection Infections
Hyperthyroidism,Raised Total Cholesterol Endocrine
Hepatitis,Substance Misuse Psychiatric
Osteoarthristis,Hypertension Cardiovascular
Acne,Depression Psychiatric
Hepatitis,Substance Misuse Psychiatric
Pneumonia,Bronchial Asthma Respiratory
Hypertension,Obesity Endocrine
Gastroenteritis,Dermatitis Skin
Diabetes,Raised Total Cholesterol Endocrine
Fungal infection,Infection Other organs Infections
Hepatitis,Anxiety Psychiatric
Fungal infection,Dermatitis Skin
Heart attack,Stable Angina Cardiovascular
Peptic ulcer diseae,Enthesopathy Musculoskeletal
Fungal infection,Bacterial Infection Infections
Jaundice,Premature Delivery Perinatal
AIDS,Depression Psychiatric
Arthritis,Osteoarthristis Musculoskeletal
Arthritis,Osteoarthristis Musculoskeletal
Peptic ulcer diseae,Hypertension Cardiovascular
Hepatitis,Depression Psychiatric
Psoriasis,Dermatitis Skin
Acne,Irritable Bowel Syndrome Digestive
Hyperthyroidism,Raised Triglycerides Endocrine
Fungal infection,Depression Psychiatric
Bronchial Asthma,Allergy/chronic Rhinitis Respiratory
Diabetes,Hypertension Cardiovascular
Acne,Anxiety Psychiatric
Chronic cholestasis,Raised LDL Endocrine
Gastroenteritis,Enthesopathy Musculoskeletal
Chronic cholestasis,Raised LDL Endocrine
Gastroenteritis,Hypertension Cardiovascular
Fungal infection,Dermatitis Skin
Migraine,Enthesopathy Musculoskeletal
Migraine,Bronchial Asthma Respiratory
Hepatitis,Obesity Endocrine
Osteoarthristis,Raised LDL Endocrine
Jaundice,Bronchial Asthma Respiratory
Hepatitis,Substance Misuse Psychiatric
Pneumonia,Infection Other organisms Infections
Osteoarthristis,Dermatitis Skin
Osteoarthristis,Raised LDL Endocrine
Tuberculosis,Raised LDL Endocrine
Osteoarthristis,Hypertension Cardiovascular
AIDS,Bacterial Infection Infections
Hyperthyroidism,Raised Triglycerides Endocrine
Allergy,Obesity Endocrine
Hypertension,Cataract Eye
Allergy,Bronchial Asthma Respiratory
Pneumonia,Bacterial Infection Infections
Heart attack,Raised Total Cholesterol Endocrine
Pneumonia,Hypertension Cardiovascular
Chronic cholestasis,Depression Psychiatric
Chronic cholestasis,Obesity Endocrine
Migraine,Raised Total Cholesterol Endocrine
Jaundice,Infection Ear/Upper Respiratory Tract Infections
Cervical spondylosis,Hypertension Cardiovascular
Diabetes,Raised Total Cholesterol Endocrine
Bronchial Asthma,Raised Total Cholesterol Endocrine
Osteoarthristis,Bacterial Infection Infections
Heart attack,Hypertension Cardiovascular
Peptic ulcer diseae,Hypertension Cardiovascular
Arthritis,Depression Psychiatric
Bronchial Asthma,Raised LDL Endocrine
Heart attack,Osteoarthristis Musculoskeletal
Heart attack,Bacterial Infection Infections
Migraine,Hypertension Cardiovascular
Hepatitis,Alcohol Misuse Psychiatric
Hypertension,Cataract Eye
Jaundice,Dermatitis Skin
Fungal infection,Urinary Tract Infection Infections
Bronchial Asthma,Allergy/chronic Rhinitis Respiratory
Hypertension,Osteoarthristis Musculoskeletal
Arthritis,Depression Psychiatric
Hyperthyroidism,Hypertension Cardiovascular
Peptic ulcer diseae,Bacterial Infection Infections
Bronchial Asthma,Hypertension Cardiovascular
Gastroenteritis,Oesophageal Ulcer Digestive
Bronchial Asthma,Anxiety Psychiatric
Jaundice,Respiratory Distress of the Newborn Perinatal
Tuberculosis,Infection Lower Respiratory Tract Infections
Chronic cholestasis,Raised Total Cholesterol Endocrine
Psoriasis,Obesity Endocrine
Chronic cholestasis,Hypertension Cardiovascular
Chronic cholestasis,Cholecystitis Digestive
Psoriasis,Raised Total Cholesterol Endocrine
Jaundice,Dermatitis Skin
Gastroenteritis,Obesity Endocrine
Chronic cholestasis,Enthesopathy Musculoskeletal
Cervical spondylosis,Depression Psychiatric
Hepatitis,Bacterial Infection Infections
Diabetes,Osteoarthristis Musculoskeletal
Heart attack,Cataract Eye
Tuberculosis,Hypertension Cardiovascular
Jaundice,Infection Ear/Upper Respiratory Tract Infections
Migraine,Raised LDL Endocrine
Acne,Bronchial Asthma Respiratory
Jaundice,Dermatitis Skin
Acne,Dermatitis Skin
Hepatitis,Infection Liver Infections
AIDS,Hypertension Cardiovascular
Tuberculosis,Osteoarthristis Musculoskeletal
Chronic cholestasis,Bacterial Infection Infections
Pneumonia,Raised Total Cholesterol Endocrine
Diabetes,Hypertension Cardiovascular
Hypertension,Raised Triglycerides Endocrine
Jaundice,Low Birth Weight Perinatal
Hyperthyroidism,Raised Total Cholesterol Endocrine
Diabetes,Raised Total Cholesterol Endocrine
Arthritis,Osteoarthristis Musculoskeletal
Gastroenteritis,Hypertension Cardiovascular
Allergy,Bronchial Asthma Respiratory
Peptic ulcer diseae,Enthesopathy Musculoskeletal
Pneumonia,Enthesopathy Musculoskeletal
Hyperthyroidism,Hypertension Cardiovascular
Osteoarthristis,Depression Psychiatric
AIDS,Anxiety Psychiatric
Hypertension,Raised LDL Endocrine
Tuberculosis,Dermatitis Skin
Psoriasis,Anxiety Psychiatric
Diabetes,Depression Psychiatric
Gastroenteritis,Obesity Endocrine
Hyperthyroidism,Raised Total Cholesterol Endocrine
Hypertension,Raised LDL Endocrine
Chronic cholestasis,Cholecystitis Digestive
Osteoarthristis,Hypertension Cardiovascular
Hepatitis,Depression Psychiatric
Psoriasis,Raised LDL Endocrine
Chronic cholestasis,Depression Psychiatric
Diabetes,Depression Psychiatric
Chronic cholestasis,Dermatitis Skin
Gastroenteritis,Gastro-oesophageal Reflux Disease Digestive
Jaundice,Viral Infection Infections
Acne,Obesity Endocrine
Jaundice,Respiratory Distress of the Newborn Perinatal
Acne,Dermatitis Skin
Tuberculosis,Osteoarthristis Musculoskeletal
Osteoarthristis,Enthesopathy Musculoskeletal
Peptic ulcer diseae,Enthesopathy Musculoskeletal
Jaundice,Low Birth Weight Perinatal
Osteoarthristis,Depression Psychiatric
Peptic ulcer diseae,Osteoarthristis Musculoskeletal
Heart attack,Stable Angina Cardiovascular
Cervical spondylosis,Hypertension Cardiovascular
Chronic cholestasis,Raised Total Cholesterol Endocrine
Fungal infection,Hypertension Cardiovascular
Acne,Bronchial Asthma Respiratory
Hepatitis,Bronchial Asthma Respiratory
Cervical spondylosis,Raised LDL Endocrine
Cervical spondylosis,Osteoarthristis Musculoskeletal
Jaundice,Bacterial Infection Infections
Tuberculosis,Raised LDL Endocrine
Diabetes,Low HDL Endocrine
Chronic cholestasis,Depression Psychiatric
Hyperthyroidism,Raised Triglycerides Endocrine
Psoriasis,Enthesopathy Musculoskeletal
Hepatitis,Infection Liver Infections
Migraine,Bronchial Asthma Respiratory
Allergy,Anxiety Psychiatric
Tuberculosis,Infection Lower Respiratory Tract Infections
Gastroenteritis,Raised Total Cholesterol Endocrine
Acne,Dermatitis Skin
Osteoarthristis,Bacterial Infection Infections
Diabetes,Diabetic Eye Disease Eye
Diabetes,Raised Total Cholesterol Endocrine
Hypertension,Bacterial Infection Infections
Tuberculosis,Hypertension Cardiovascular
Psoriasis,Anxiety Psychiatric
Jaundice,Premature Delivery Perinatal
Pneumonia,Infection Other organisms Infections
Diabetes,Diabetic Eye Disease Eye
Bronchial Asthma,Infection Other organisms Infections
Acne,Menorrhagia Genitourinary
Fungal infection,Raised Total Cholesterol Endocrine
Diabetes,Raised LDL Endocrine
Hepatitis,Depression Psychiatric
AIDS,Depression Psychiatric
Acne,Enthesopathy Musculoskeletal
Chronic cholestasis,Raised Total Cholesterol Endocrine
Diabetes,Raised Triglycerides Endocrine
Bronchial Asthma,Allergy/chronic Rhinitis Respiratory
Tuberculosis,Enthesopathy Musculoskeletal
Tuberculosis,Infection Lower Respiratory Tract Infections
Heart attack,Stable Angina Cardiovascular
Bronchial Asthma,Allergy/chronic Rhinitis Respiratory
AIDS,Bronchial Asthma Respiratory
Arthritis,Enthesopathy Musculoskeletal
Migraine,Raised Total Cholesterol Endocrine
Allergy,Enthesopathy Musculoskeletal
Cervical spondylosis,Raised LDL Endocrine
Fungal infection,Infection Other organisms Infections
Chronic cholestasis,Obesity Endocrine
Psoriasis,Anxiety Psychiatric
Bronchial Asthma,Infection Other organisms Infections
Allergy,Dermatitis Skin
Heart attack,Bacterial Infection Infections
Cervical spondylosis,Raised Triglycerides Endocrine
Heart attack,Atrial Fibrillation Cardiovascular
Fungal infection,Dermatitis Skin
Heart attack,Infection Lower Respiratory Tract Infections
Pneumonia,Depression Psychiatric
Chronic cholestasis,Raised Total Cholesterol Endocrine
Allergy,Obesity Endocrine
Pneumonia,Raised Total Cholesterol Endocrine
Osteoarthristis,Dermatitis Skin
Peptic ulcer diseae,Gastroenteritis Digestive
Gastroenteritis,Oesophageal Ulcer Digestive
Cervical spondylosis,Depression Psychiatric
AIDS,Hypertension Cardiovascular
Acne,Allergy/chronic Rhinitis Respiratory
AIDS,Dermatitis Skin
Tuberculosis,Obesity Endocrine
Hyperthyroidism,Osteoarthristis Musculoskeletal
Heart attack,Hypertension Cardiovascular
Tuberculosis,Raised LDL Endocrine
Cervical spondylosis,Raised Total Cholesterol Endocrine
Arthritis,Depression Psychiatric
Pneumonia,Hypertension Cardiovascular
Migraine,Bronchial Asthma Respiratory
Peptic ulcer diseae,Raised Total Cholesterol Endocrine
Arthritis,Raised Total Cholesterol Endocrine
Hypertension,Depression Psychiatric
Migraine,Depression Psychiatric
Heart attack,Atrial Fibrillation Cardiovascular
Arthritis,Enthesopathy Musculoskeletal
Heart attack,Bacterial Infection Infections
Bronchial Asthma,Obesity Endocrine
Pneumonia,Bronchial Asthma Respiratory
Tuberculosis,Raised Total Cholesterol Endocrine
Chronic cholestasis,Enthesopathy Musculoskeletal
Pneumonia,Raised Total Cholesterol Endocrine
Allergy,Bronchial Asthma Respiratory
Jaundice,Infection Other organisms Infections
Psoriasis,Obesity Endocrine
Peptic ulcer diseae,Bacterial Infection Infections
Osteoarthristis,Dermatitis Skin
Psoriasis,Allergy/chronic Rhinitis Respiratory
Tuberculosis,Raised LDL Endocrine
Hypertension,Raised Total Cholesterol Endocrine
Osteoarthristis,Enthesopathy Musculoskeletal
Heart attack,Obesity Endocrine
Heart attack,Obesity Endocrine
AIDS,Obesity Endocrine
Jaundice,Infection Lower Respiratory Tract Infections
Psoriasis,Osteoarthristis Musculoskeletal
Peptic ulcer diseae,Gastroenteritis Digestive
Hypertension,Raised Total Cholesterol Endocrine
Pneumonia,Infection Lower Respiratory Tract Infections
Hepatitis,Bacterial Infection Infections
Hyperthyroidism,Raised Total Cholesterol Endocrine
Arthritis,Hypertension Cardiovascular
Allergy,Dermatitis Skin
Gastroenteritis,Dermatitis Skin
Gastroenteritis,Enthesopathy Musculoskeletal
Hepatitis,Alcohol Misuse Psychiatric
Chronic cholestasis,Obesity Endocrine
Cervical spondylosis,Hypertension Cardiovascular
Chronic cholestasis,Hypertension Cardiovascular
Heart attack,Atrial Fibrillation Cardiovascular
